"CU","alpha","beta0","sigma","deviance","stk"
"xx","1.68809900032655","0.148391324540461","0.945900586150545","112.553779438925","pooledLat"
"xx","1.45429551193638","0.189228201928275","0.822307608090933","111.029122878155","pooledLat"
"xx","1.53565697845948","0.183443676295602","0.74910318396478","110.713760896219","pooledLat"
"xx","1.45992436427218","0.254104812434286","0.809128342242968","113.050096905613","pooledLat"
"xx","1.87355603905702","0.162306048150743","0.865788838430311","115.697246260016","pooledLat"
"xx","1.55437556755046","0.240536621994228","0.67531509950536","114.874992600772","pooledLat"
"xx","1.47613483804295","0.189911452352313","0.821684584674715","110.662558800172","pooledLat"
"xx","1.44871926587205","0.173115178862348","0.797112981693899","111.052555486232","pooledLat"
"xx","1.78269984911033","0.306290701945068","0.868877269955811","112.226886550907","pooledLat"
"xx","1.72694596342056","0.241486178210572","0.923732263463721","111.569402186205","pooledLat"
"xx","1.56274219008362","0.149822086038715","0.836515781890841","110.052197500123","pooledLat"
"xx","1.79742300517916","0.211543707426419","0.873330564861455","112.043099784193","pooledLat"
"xx","1.55458003721637","0.239446641756165","0.754689308176546","111.386096660896","pooledLat"
"xx","1.50378606455324","0.147344767571647","0.630425182122553","117.965767451799","pooledLat"
"xx","1.46809803369662","0.158492761064503","0.757943657754427","111.244378801525","pooledLat"
"xx","1.63126357735685","0.270738572203621","0.764217112286038","111.445080567844","pooledLat"
"xx","1.69722180957165","0.29753528592291","0.92766214440081","112.411774204122","pooledLat"
"xx","1.77336669449402","0.239872699266962","0.892015194149407","111.580078215241","pooledLat"
"xx","1.78748615518997","0.262824829292145","0.720513483231622","113.61972563149","pooledLat"
"xx","1.75542114204033","0.181477326512891","0.673548310615213","116.465243136012","pooledLat"
"xx","1.42751919747344","0.153692768906409","0.921305860417748","112.010179263632","pooledLat"
"xx","1.73839407910426","0.165811747781835","0.71564099329412","114.086780450312","pooledLat"
"xx","1.70108004539111","0.186154894449229","0.950427125476608","112.123260380399","pooledLat"
"xx","1.48979579240213","0.169461839630368","0.825017785356509","110.294346641053","pooledLat"
"xx","1.44410568381089","0.20893856863717","1.0210165754874","114.788167065685","pooledLat"
"xx","1.67791753889356","0.254561209350381","0.807841120290269","110.392448824429","pooledLat"
"xx","1.37261357414965","0.17502316492883","0.81287698408868","112.730492098137","pooledLat"
"xx","1.74896001318574","0.274330739619294","0.791640258805879","111.346501305601","pooledLat"
"xx","1.60272545889893","0.213322541084705","0.827939682267485","109.800404262937","pooledLat"
"xx","1.40655174534965","0.170492653945192","0.904601911137967","112.209554537831","pooledLat"
"xx","1.2503944737599","0.226341722659792","0.800504404771353","120.12112498864","pooledLat"
"xx","1.54352784189648","0.280242165369529","0.9007276342024","112.604554467581","pooledLat"
"xx","1.17514886325778","0.13556619537152","0.816065774616533","119.399304057099","pooledLat"
"xx","1.57136409733927","0.133983394094275","0.925902801930661","111.469222100641","pooledLat"
"xx","1.60948485841836","0.141256076392501","0.833375467607482","110.413004708246","pooledLat"
"xx","1.57188199335663","0.209395325328064","0.738753891751783","110.931569041672","pooledLat"
"xx","1.60255031151635","0.192193956232889","0.901170043664407","110.486381897645","pooledLat"
"xx","2.00009747332711","0.299606818473267","0.947269885628676","117.300466347714","pooledLat"
"xx","1.72250277222377","0.238802337837784","0.70873471828097","112.800234180547","pooledLat"
"xx","1.62578428469633","0.243511951142581","0.808735325742678","110.185449173429","pooledLat"
"xx","1.51963794495063","0.184570702019354","0.915046703214768","111.021745859889","pooledLat"
"xx","1.86087640748396","0.267030485420974","0.899041946819358","113.214178384646","pooledLat"
"xx","1.74565779095409","0.245083637889147","0.850050082549827","110.824034019849","pooledLat"
"xx","1.53760987178576","0.151652139723612","0.81101939877164","110.03959337111","pooledLat"
"xx","1.64227745444059","0.131206749112638","0.79776317510484","111.206265477423","pooledLat"
"xx","1.42056553736745","0.153887699488825","0.809078272502627","111.333148922661","pooledLat"
"xx","1.53206047145419","0.157986870191127","0.767607996963967","110.415672374248","pooledLat"
"xx","1.62149831154519","0.192357178405858","0.838983580298776","109.795829250085","pooledLat"
"xx","1.5550131855691","0.147965143105618","0.830032048986096","110.05707531958","pooledLat"
"xx","1.5834120180118","0.270195044965601","0.765739189893011","111.882058321367","pooledLat"
"xx","1.8493291793383","0.291842567725345","0.771463937108448","113.667508124086","pooledLat"
"xx","1.51730504576427","0.169967434153706","0.761467612079742","110.579273188543","pooledLat"
"xx","1.45388925924569","0.140560493468869","0.902553033076605","111.375579322323","pooledLat"
"xx","1.41764915339298","0.131071022651435","0.972671523111345","113.246373823996","pooledLat"
"xx","1.66115745793321","0.132376595890234","0.879948675479697","111.545920264206","pooledLat"
"xx","1.52153689664675","0.189353179405745","0.790524740723396","110.213572541919","pooledLat"
"xx","1.75081353307612","0.300945088265284","0.864197481716795","111.827851636292","pooledLat"
"xx","1.57909565801207","0.209830769482613","0.950298845156963","111.619086774034","pooledLat"
"xx","1.55251389046751","0.171371692936859","0.909340748466649","110.73183454552","pooledLat"
"xx","1.58751934017483","0.234837343006043","0.99940414165148","113.167389639806","pooledLat"
"xx","1.69997262692374","0.162959205138998","0.859198082134583","111.088244986005","pooledLat"
"xx","1.46225550096844","0.136063641174149","0.817988521948534","110.695240960948","pooledLat"
"xx","1.52753103613124","0.143022343622077","0.769146999902997","110.589585178113","pooledLat"
"xx","1.46295840116406","0.198302399193957","0.827810111018352","111.025214323261","pooledLat"
"xx","1.58499574609229","0.168124422423727","0.86818634502974","110.1055443948","pooledLat"
"xx","1.61377041094234","0.319430699899324","0.756332842889726","114.325521756929","pooledLat"
"xx","1.75591404153952","0.190616014647773","0.708517534244283","114.070076612979","pooledLat"
"xx","1.63479879664788","0.172549432832987","0.846630491452089","110.070486286416","pooledLat"
"xx","1.46168333192901","0.151667596598939","0.663904682671109","115.673962998781","pooledLat"
"xx","1.77123474377869","0.174001882080319","0.756898016485017","113.23357883092","pooledLat"
"xx","1.7733034575041","0.22468548111728","0.881735672309209","111.517610856655","pooledLat"
"xx","1.50924217711644","0.168251793781255","0.788579619807719","110.259168273249","pooledLat"
"xx","1.57618424203968","0.249167554247261","0.853332881551833","110.703617637752","pooledLat"
"xx","1.4374156590073","0.145417048973421","0.807783748196063","111.027291247283","pooledLat"
"xx","1.51250509961885","0.19031939592497","0.762758558087546","110.722942144095","pooledLat"
"xx","1.6366386819585","0.207768548926726","0.704257046255516","112.069758486427","pooledLat"
"xx","1.47408999490505","0.20415095795465","0.868397798956763","111.119076375123","pooledLat"
"xx","1.87225245637105","0.246755776492314","0.824735395693986","113.422549107338","pooledLat"
"xx","1.7535140551112","0.176248372218341","0.921781754238012","112.467401697096","pooledLat"
"xx","1.57843445302632","0.144677050105532","0.824999068734691","110.14774626774","pooledLat"
"xx","1.7945143951928","0.25469691529781","0.826079606803724","111.549112416996","pooledLat"
"xx","1.85756548029453","0.179236821739149","0.791643508219585","115.171823195047","pooledLat"
"xx","1.58467253447163","0.199929766569252","0.887514458092349","110.293424541387","pooledLat"
"xx","1.80888213133783","0.257379091528819","0.709016871510365","114.627333602572","pooledLat"
"xx","1.41887123014377","0.189362367532528","0.766429646477571","112.500360528151","pooledLat"
"xx","1.53894262168027","0.304462361398314","0.769057439235985","114.559412519605","pooledLat"
"xx","1.64692262759193","0.217119668734584","0.807958945748871","109.863410014261","pooledLat"
"xx","1.72114037966465","0.22291716988253","0.86566102805707","110.631595915299","pooledLat"
"xx","1.46471017743838","0.178135216469727","0.780402150092873","111.018407720725","pooledLat"
"xx","1.57702802715035","0.295043303697995","0.991086462396469","114.456514602259","pooledLat"
"xx","1.91652456823995","0.191962046008512","0.824717383030059","116.440802002359","pooledLat"
"xx","1.66270516997259","0.146043016012108","0.802397976525236","110.973391300346","pooledLat"
"xx","1.46032469647996","0.174839831302813","0.858761473811009","110.845861690906","pooledLat"
"xx","1.63266042276715","0.143620554006673","0.922141062412401","111.565023138871","pooledLat"
"xx","1.85974371864301","0.336228929423119","0.811395284760136","114.19382017546","pooledLat"
"xx","1.68815503037664","0.272737374086482","0.927158551459439","111.817900083277","pooledLat"
"xx","1.72298989387475","0.240160955618011","0.786423297365356","110.70271351321","pooledLat"
"xx","1.89959288467824","0.210554463860235","0.836818707794806","114.976096270788","pooledLat"
"xx","1.50498340408723","0.267741703254742","0.878685950561462","112.550997769393","pooledLat"
"xx","1.68752789426454","0.349652840956156","0.81154523505159","114.134822639641","pooledLat"
"xx","1.70992712463984","0.167844660287473","0.776509749540099","111.464651715566","pooledLat"
"xx","1.55709857554993","0.155663263912702","0.922728583736194","111.084169510587","pooledLat"
"xx","1.55556907761043","0.245962404578588","0.795601105971476","110.908799884227","pooledLat"
"xx","1.71539577965786","0.182302645090031","0.884374118004003","111.163625970872","pooledLat"
"xx","1.89908215929374","0.311880403906527","0.762869948721143","115.518733846791","pooledLat"
"xx","1.5031355195283","0.171202459998743","0.743204460269885","111.156883653243","pooledLat"
"xx","1.56130998694083","0.268266685200424","0.784067607763034","111.796934680787","pooledLat"
"xx","1.53488351917847","0.282972105518018","0.687073773867804","116.912653421606","pooledLat"
"xx","1.71732884830117","0.186171268197863","0.826136525705087","110.758835684574","pooledLat"
"xx","1.44041840500069","0.212256935424669","0.761410779970955","112.706008321562","pooledLat"
"xx","1.36161112117371","0.198944918642501","0.828542792254978","113.590324265247","pooledLat"
"xx","1.67004746079465","0.288439678120628","1.00310389468201","113.988741697608","pooledLat"
"xx","1.54761303719321","0.140886875648792","0.99349245878365","112.99037665337","pooledLat"
"xx","1.53919316480967","0.144586947508142","0.793257024617668","110.231271714228","pooledLat"
"xx","1.53867068641923","0.143000794989307","0.799437439940591","110.210452258795","pooledLat"
"xx","1.63246322651773","0.232961123424732","0.842988409146106","110.03177908324","pooledLat"
"xx","1.85911172246138","0.275127569218701","0.889027862447265","113.088687524672","pooledLat"
"xx","1.49052074544283","0.238584278222392","0.923321488561778","112.405234746724","pooledLat"
"xx","1.46088407918031","0.162498380764677","0.776210313834035","111.021558160659","pooledLat"
"xx","1.51482196295313","0.266199737537538","0.880238918909669","112.31929612079","pooledLat"
"xx","1.76758388438305","0.221910100699618","0.729020647829801","112.871513168683","pooledLat"
"xx","1.7686232895719","0.233884541547551","0.753021595093617","112.045123593875","pooledLat"
"xx","1.43309983400602","0.243821241920388","0.854959213961304","113.106609891104","pooledLat"
"xx","1.36922833450645","0.147092575670541","0.968189342026863","113.869185497355","pooledLat"
"xx","1.66905900109201","0.226001291310261","0.880750082772573","110.403879822985","pooledLat"
"xx","1.71867672006825","0.256031242092173","0.878151171974372","110.900475884525","pooledLat"
"xx","1.7004860606586","0.25854863315311","0.863037299749364","110.674963073341","pooledLat"
"xx","1.75299409276182","0.224004363587639","0.687668326954314","114.487044123796","pooledLat"
"xx","1.52180303980764","0.268235097494262","0.792194090568187","112.420960481394","pooledLat"
"xx","1.73650287749354","0.196154749524471","0.725342423926132","112.697893898577","pooledLat"
"xx","1.5476617677734","0.167961861090274","0.892920091797576","110.476601076909","pooledLat"
"xx","1.55712608069513","0.263054359563796","0.713162386551665","113.725714316202","pooledLat"
"xx","1.68751313476689","0.144062615716495","0.974855412972219","113.321750714582","pooledLat"
"xx","1.60746905484715","0.148765353789959","0.766470706489186","110.699970726886","pooledLat"
"xx","1.66930311182483","0.351260954019935","0.930908009340935","114.64673882071","pooledLat"
"xx","1.81145405707572","0.158834538924756","0.851634152604818","113.782251274944","pooledLat"
"xx","1.48076635303079","0.220301055908253","0.802033306812355","111.332616014146","pooledLat"
"xx","1.50024967697461","0.287334531340033","0.86433921043768","113.462271591176","pooledLat"
"xx","1.58533197319776","0.143348201158023","0.787485397729183","110.385420300428","pooledLat"
"xx","1.60019016199183","0.20201107563112","0.743225871336832","110.627697172808","pooledLat"
"xx","1.59611289705395","0.232470595191946","0.818045528610166","110.076623225645","pooledLat"
"xx","1.77369798040342","0.258485772527546","0.935962743355556","112.362874606586","pooledLat"
"xx","1.7239948880643","0.232196901490813","0.731277957327295","111.905029969421","pooledLat"
"xx","1.6253794530464","0.285955081819813","0.934112284815028","112.450390512057","pooledLat"
"xx","1.58058981276157","0.195422035652092","0.779956111503935","109.958583602041","pooledLat"
"xx","1.62679943468874","0.153238983688263","0.861004955482674","110.440578779184","pooledLat"
"xx","1.59201260446439","0.236666983482547","0.842213991609546","110.227410578862","pooledLat"
"xx","1.79190851718766","0.189576590500483","0.834406260120067","112.239871290891","pooledLat"
"xx","1.44405420878412","0.150726794413577","1.05134622116511","115.209884911665","pooledLat"
"xx","1.5771337620414","0.245203183315641","0.816485075377798","110.512596710614","pooledLat"
"xx","1.66308461841378","0.239526578770849","0.805615653968644","110.124979007575","pooledLat"
"xx","1.64147236077379","0.138635157737367","0.706856407586369","113.348978651066","pooledLat"
"xx","1.95547668618277","0.220069163725833","0.815729182404182","117.216576878533","pooledLat"
"xx","1.58400328747151","0.16999699635474","0.794586120050998","109.89029300792","pooledLat"
"xx","1.40884154184534","0.213067166456428","0.828913368213111","112.654423501301","pooledLat"
"xx","1.64365803267411","0.167787293284555","0.923486247227706","111.253199691888","pooledLat"
"xx","1.7122443158562","0.161253375706503","0.943297479330231","112.537475244288","pooledLat"
"xx","1.65829734121214","0.240158142062443","0.702973588334605","112.543720869553","pooledLat"
"xx","1.59298956094282","0.228096803923914","1.00849900744334","113.329533558205","pooledLat"
"xx","1.51684570460584","0.19431145625544","0.818450251565275","110.171498774179","pooledLat"
"xx","1.56861963044798","0.208948528996239","0.874712148279426","110.241991586203","pooledLat"
"xx","1.40788813601891","0.144710516862429","0.839783081650033","111.457126695158","pooledLat"
"xx","1.81518578684834","0.271069646993374","0.864366742743873","112.057845771142","pooledLat"
"xx","1.70996754585438","0.206721760642","0.97011738054777","112.508146976692","pooledLat"
"xx","1.58889322715389","0.224762917589117","0.827250141298999","109.987555693312","pooledLat"
"xx","1.39356689621834","0.203277833227306","0.847979985932995","112.72608646709","pooledLat"
"xx","1.66423905416787","0.271020900085325","0.780364953154051","111.037890138194","pooledLat"
"xx","1.45133568525148","0.241218579669312","1.02072620603723","115.379934676752","pooledLat"
"xx","1.46334153036504","0.208085118776632","0.746398554591401","112.388813161987","pooledLat"
"xx","1.513589169904","0.173922803922089","0.833638822306666","110.083058712625","pooledLat"
"xx","1.6626667134812","0.160205281652564","0.82762310496639","110.50083811197","pooledLat"
"xx","1.603047653766","0.165129616895587","0.887230559594551","110.427505253967","pooledLat"
"xx","1.53807253614949","0.190694717717176","0.809380525477203","109.954590306082","pooledLat"
"xx","1.82729068901949","0.203357534786242","0.830044749292041","112.861295738188","pooledLat"
"xx","1.72077935513801","0.266417833918591","0.878487285413003","111.057503642163","pooledLat"
"xx","1.53836425916237","0.228859905751626","0.743790972059667","111.585492682814","pooledLat"
"xx","1.60119460639689","0.130165795422316","0.732596508757163","112.076185207822","pooledLat"
"xx","1.79060664892076","0.221127471602726","0.764623418122237","112.382377405653","pooledLat"
"xx","1.63948957106193","0.251648402189891","0.899189548514486","110.9357986598","pooledLat"
"xx","1.77370661052862","0.35206283634902","0.823275972752908","113.8903950312","pooledLat"
"xx","1.56729482829814","0.145239257828299","0.815481206667153","110.11199264799","pooledLat"
"xx","1.78922445243043","0.281540874060402","0.845196405810589","111.701493497063","pooledLat"
"xx","1.60999376827636","0.190965187241785","1.01293037752873","113.270446966127","pooledLat"
"xx","1.53687796702885","0.203239019717428","0.848551243917571","110.156860382891","pooledLat"
"xx","1.54711536268671","0.165718011890221","0.741274368083842","110.8647814972","pooledLat"
"xx","1.68863556145229","0.296486849068019","0.727278593139305","113.334889981933","pooledLat"
"xx","1.77051736539173","0.289934425381194","0.843868202512036","111.63315870967","pooledLat"
"xx","1.68781546615433","0.247995811705364","0.733392429464389","111.611538474172","pooledLat"
"xx","1.58579075499971","0.23711391511772","0.931900436304171","111.501519151413","pooledLat"
"xx","1.37602559652811","0.207796159579903","1.0960880335236","118.194665443124","pooledLat"
"xx","1.50958808407468","0.226976315943718","0.831971566423137","110.882920464358","pooledLat"
"xx","1.79959111271237","0.23585247138072","0.918834531157516","112.409297033786","pooledLat"
"xx","1.58375187546259","0.279972274873745","0.792541382504951","111.849934446219","pooledLat"
"xx","1.626179997598","0.189204657510599","0.983873976942242","112.452118501825","pooledLat"
"xx","1.68147661441056","0.16949509452222","0.928663609371499","111.678990592577","pooledLat"
"xx","1.62098734188019","0.209204858528417","0.807583389863297","109.771293522181","pooledLat"
"xx","1.81749331309735","0.26264387570089","0.834459956686757","111.986856156837","pooledLat"
"xx","1.70039601057191","0.242816508095172","0.895276298119987","110.88642744704","pooledLat"
"xx","1.55689452787944","0.237364129670077","0.830595410075553","110.510716684153","pooledLat"
"xx","1.51429420721679","0.181494699769883","0.931711237527051","111.384533742276","pooledLat"
"xx","1.46632025182328","0.136210835000683","0.85188884857976","110.715029826309","pooledLat"
"xx","1.58677572227007","0.235703338123937","0.809270037068999","110.222790621449","pooledLat"
"xx","1.84902090628217","0.215479646368216","0.872724855466319","113.21673539032","pooledLat"
"xx","1.48251085215524","0.134173976367058","0.813969009933631","110.535123978083","pooledLat"
"xx","1.48493211456776","0.133593639176164","0.933975299466961","111.756615502326","pooledLat"
"xx","1.44802012593769","0.183779813106042","1.05105673487153","115.319576790342","pooledLat"
"xx","1.70819615691733","0.223370342219744","0.787719107462556","110.472923070808","pooledLat"
"xx","1.44926461573045","0.150960756798712","0.931012466489416","111.915547074938","pooledLat"
"xx","1.71324725429949","0.15380600313521","0.725274304129832","113.470531145705","pooledLat"
"xx","1.35762158073908","0.131677176260018","0.970055073687623","114.049305178544","pooledLat"
"xx","1.45186884151086","0.158946365440694","0.75803712501142","111.511174721429","pooledLat"
"xx","1.59591087475301","0.136503274910985","0.853763951865667","110.52313510797","pooledLat"
"xx","1.64240223075057","0.308621492983502","0.856450765677603","112.198913576239","pooledLat"
"xx","1.76287508351768","0.245707157593879","0.679117780421368","115.197270157359","pooledLat"
"xx","1.59670735227148","0.151823316843478","0.979023816049876","112.537988043481","pooledLat"
"xx","1.62600298548232","0.19027206349615","0.903084279663257","110.569610153297","pooledLat"
"xx","1.66536903235837","0.238262836567976","0.804713227828175","110.119650499614","pooledLat"
"xx","1.67522577420465","0.241023860876951","0.746545324866979","111.053202351307","pooledLat"
"xx","1.65260649489786","0.129253636164837","0.793577588819106","111.484980912771","pooledLat"
"xx","1.70236478627455","0.192355263359178","0.824578988586682","110.433026438377","pooledLat"
"xx","1.58296356691686","0.129137006451126","0.844839284397991","110.573772930598","pooledLat"
"xx","1.77621280788617","0.348715005774052","1.11296434196059","118.892633343835","pooledLat"
"xx","1.60206745221759","0.146970103440652","0.75079571246625","111.034486338496","pooledLat"
"xx","1.39786774657721","0.145819620026958","0.753050492435002","112.721206563307","pooledLat"
"xx","1.55002861379142","0.173688110533838","0.756137452642808","110.453944098116","pooledLat"
"xx","1.68540341628683","0.187562514681361","0.863898639121778","110.47367208175","pooledLat"
"xx","1.54344789117161","0.193619315960253","0.83634940201571","109.948112609158","pooledLat"
"xx","1.68894414339391","0.224370971050624","0.780047623407308","110.367597317177","pooledLat"
"xx","1.69191790725911","0.234280521453709","0.971514478406692","112.398477516572","pooledLat"
"xx","1.61651972426311","0.208337565508498","0.73497187505263","110.88404328257","pooledLat"
"xx","1.61091177862184","0.32729938826385","0.801129756980751","113.857266486353","pooledLat"
"xx","1.66237938784229","0.134291923949607","0.879042529103348","111.494209410101","pooledLat"
"xx","1.43292136968786","0.157858711593056","0.84551326350848","111.08382677621","pooledLat"
"xx","1.5161055442068","0.153797908308248","0.796658218351536","110.190325239342","pooledLat"
"xx","1.53124268914839","0.245680642378585","0.731033108580454","112.715046664154","pooledLat"
"xx","1.48122476396137","0.162879498964983","0.893877596756182","110.928720819519","pooledLat"
"xx","1.58013941252243","0.243363301620099","0.874104463017424","110.711266283482","pooledLat"
"xx","1.74593881718986","0.245741699174819","0.819776035192815","110.782147171081","pooledLat"
"xx","1.50069332204881","0.146935035026518","0.831503720586872","110.259524297224","pooledLat"
"xx","1.409771506441","0.155703884547747","0.970954441388069","113.328670335272","pooledLat"
"xx","1.55242195174586","0.238179562075783","0.760413205802985","111.246692350392","pooledLat"
"xx","1.65900309803049","0.151292769149218","0.761393270048517","111.336641043779","pooledLat"
"xx","1.73891608680621","0.170702537489995","0.909487422008946","112.131402767069","pooledLat"
"xx","1.37487712876884","0.169871772230359","0.852832044832764","112.443743073232","pooledLat"
"xx","1.75284910622661","0.221795618042157","0.980261212193785","113.144223176951","pooledLat"
"xx","1.67267351804026","0.360886771729113","0.922293006176468","114.996413210916","pooledLat"
"xx","1.62000497044545","0.259151805427733","0.914208919946834","111.404874537817","pooledLat"
"xx","1.5844722694067","0.189443672537265","0.8262141444349","109.725035280175","pooledLat"
"xx","1.65984056272081","0.335517002782095","0.991735886625836","115.19956594507","pooledLat"
"xx","1.42300585525734","0.170147094668655","0.710264881468267","113.929381879446","pooledLat"
"xx","1.60599965805357","0.220949119125261","0.705781998187144","112.111050519686","pooledLat"
"xx","1.72080039951736","0.182981835359441","0.878541083859624","111.164111001774","pooledLat"
"xx","1.72237665927734","0.282897205572221","0.829893347165341","111.111847873178","pooledLat"
"xx","1.68561605423505","0.207600351570648","0.773703583452229","110.44363599242","pooledLat"
"xx","1.51668203115707","0.214247078294894","0.69695871738189","113.391503425038","pooledLat"
"xx","1.59030182847308","0.147384108437283","0.811646515201898","110.160189280404","pooledLat"
"xx","1.51996015959667","0.234353508995513","0.880826262033361","111.228441526337","pooledLat"
"xx","1.84592788279464","0.178908181482452","0.880013971478786","114.142345872099","pooledLat"
"xx","1.72502270615862","0.152768378254199","0.725347372460348","113.8331749102","pooledLat"
"xx","1.75927844154063","0.290908594836964","1.01235643107859","114.470447660129","pooledLat"
"xx","1.47123969221039","0.135549840758564","0.854943702781409","110.695158150218","pooledLat"
"xx","1.60806854568837","0.312988864895678","0.67277685405823","118.359806422289","pooledLat"
"xx","1.71581124254052","0.199862943812476","0.918092382304679","111.460182223414","pooledLat"
"xx","1.49192237278369","0.154185958788119","0.896755758351103","110.887947579778","pooledLat"
"xx","1.65428821863983","0.272664495984085","0.775675898029421","111.185392150661","pooledLat"
"xx","1.51497496527475","0.174037830150701","0.782895364359827","110.273548648582","pooledLat"
"xx","1.4363047875301","0.134093896178484","0.754215950655157","111.909391652434","pooledLat"
"xx","1.58966140928942","0.165884588574561","0.798738943003623","109.916443734817","pooledLat"
"xx","1.64967118049929","0.141891175267967","0.896118950092142","111.334848960205","pooledLat"
"xx","1.61974489552812","0.156133431069087","0.799488056113907","110.228998151499","pooledLat"
"xx","1.5549354815146","0.312351015311498","0.909478484976716","113.937992108631","pooledLat"
"xx","1.48330891056824","0.221783485944249","0.968823845248689","113.074788519523","pooledLat"
"xx","1.83184748216374","0.352877836816401","0.777446890593154","115.111387211511","pooledLat"
"xx","1.89974131118095","0.277975486094646","0.945663569850922","114.705836961781","pooledLat"
"xx","1.35805147221949","0.18968859118478","1.03207965420542","116.248377713769","pooledLat"
"xx","1.54500863846894","0.210067462209676","0.693648484294369","113.007186606467","pooledLat"
"xx","1.70791581927225","0.261153356670654","0.812457439673487","110.618204489574","pooledLat"
"xx","1.65001517558089","0.16433713983792","1.07222227539032","115.547206100438","pooledLat"
"xx","1.7950919344468","0.33517120751534","0.891099065314495","113.340071551637","pooledLat"
"xx","1.68845539366509","0.219163424462146","0.900156032610398","110.789807719995","pooledLat"
"xx","1.52932025936722","0.184702883669419","0.841016907247655","110.021610190336","pooledLat"
"xx","1.5895035175337","0.172261181968126","0.729520554681545","111.107081631007","pooledLat"
"xx","1.43147560701453","0.171160942476829","0.745136250754287","112.383566255232","pooledLat"
"xx","1.68947519641156","0.135778660425373","0.859426219058497","111.719613326216","pooledLat"
"xx","1.67919932197572","0.128900593460999","1.10337790448571","117.471833661742","pooledLat"
"xx","1.59387614812717","0.14815467501835","0.954656998149465","111.952373285731","pooledLat"
"xx","1.61886850140809","0.229234109172126","0.833599762819081","109.958707293898","pooledLat"
"xx","1.70377168436154","0.269061279230139","0.805788643341085","110.785546778865","pooledLat"
"xx","1.59284752362714","0.240160207643843","0.827856694923714","110.251896722071","pooledLat"
"xx","1.76256019281127","0.197407844535939","0.84166972091408","111.396406852695","pooledLat"
"xx","1.7013583369818","0.194899205293458","0.808693513342111","110.422170577326","pooledLat"
"xx","1.45587760659144","0.161498973567839","0.726984393163185","112.370626199562","pooledLat"
"xx","1.67389378903952","0.183616487528491","0.903866727985213","110.937522357758","pooledLat"
"xx","1.59764381736352","0.13012893880336","0.772499484333522","111.043131766734","pooledLat"
"xx","1.55531963871478","0.155359901097296","0.97389179460113","112.300546062958","pooledLat"
"xx","1.74885206298537","0.228993499413144","0.700082705336775","113.673310560802","pooledLat"
"xx","1.33602008133621","0.214355360299276","0.921101260458376","115.181784083981","pooledLat"
"xx","1.59075524201306","0.254006298383998","0.768942674928409","111.117912179371","pooledLat"
"xx","1.70080671946752","0.187677928916051","0.670939597964236","114.960243922251","pooledLat"
"xx","1.50601059808489","0.136073175870482","1.00255784430167","113.372815081736","pooledLat"
"xx","1.82249614351795","0.210430159962588","0.811329182741697","112.691613505817","pooledLat"
"xx","1.64515194672413","0.171264760249308","0.953983848187681","111.8974263585","pooledLat"
"xx","1.60744271453065","0.166933229596934","0.851824565197781","110.024250091222","pooledLat"
"xx","1.58028776810438","0.2056074751405","0.896133841069434","110.47297021935","pooledLat"
"xx","1.5884726102191","0.247299184412585","0.838207869040031","110.474293984702","pooledLat"
"xx","1.34611114082202","0.181582802763395","0.801870652654791","113.850261005839","pooledLat"
"xx","1.60833956593751","0.189505688550875","0.89816314081578","110.444869550621","pooledLat"
"xx","1.73668391474214","0.278974734538555","0.879202470446049","111.376293171145","pooledLat"
"xx","1.57609736894941","0.214635099924493","0.779262310277057","110.159820253118","pooledLat"
"xx","1.55845601490779","0.275028115764211","0.847491032125321","111.752815394131","pooledLat"
"xx","1.80089320083992","0.254545241455749","0.797132051919617","111.868674584789","pooledLat"
"xx","1.52390391024928","0.179349267653443","0.91191653416579","110.912011506555","pooledLat"
"xx","1.63513050680285","0.158152581210269","0.9041749305679","110.979255798295","pooledLat"
"xx","1.74705281627291","0.237348140910487","0.904299098374628","111.415341396791","pooledLat"
"xx","1.64264973331152","0.177961262203444","0.871843776828387","110.286461523038","pooledLat"
"xx","1.5502946257062","0.146363028947349","0.925620143017662","111.245036558626","pooledLat"
"xx","1.65765464236599","0.155842732914802","0.882761533046012","110.916498684359","pooledLat"
"xx","1.70516899113243","0.167394640602443","0.934105163666074","112.118916661115","pooledLat"
"xx","1.49367019556586","0.153939154602641","0.844349645672531","110.31671048743","pooledLat"
"xx","1.81934699956077","0.183562672046344","0.77675214938083","113.925426645605","pooledLat"
"xx","1.58300348666583","0.165575989046049","0.905687984835877","110.67651898732","pooledLat"
"xx","1.53068386509252","0.15245537386675","0.934210025028453","111.399741551222","pooledLat"
"xx","1.80695263085287","0.198623945333076","1.05109943400358","116.173285488194","pooledLat"
"xx","1.79437584240871","0.171624374173275","1.01174085709916","115.337696471501","pooledLat"
"xx","1.6149515760663","0.208929382550938","0.858180895057408","109.937808948321","pooledLat"
"xx","1.77681465959835","0.135679389771415","0.942831925648928","114.528939004503","pooledLat"
"xx","1.78271852872427","0.197909859767871","0.747006288584461","113.110185648306","pooledLat"
"xx","1.49373041516851","0.139533748313604","0.923398063177423","111.43701469504","pooledLat"
"xx","1.50854302440866","0.184335032804608","0.889901404263992","110.689493135262","pooledLat"
"xx","1.60221100167953","0.172746437993248","0.86260699008841","110.040339340205","pooledLat"
"xx","1.81144844008316","0.320750538986152","0.75648443160866","114.088113450209","pooledLat"
"xx","1.2668651399104","0.216292789918962","0.936548027248705","117.709597010335","pooledLat"
"xx","1.46389514356062","0.248495674686802","0.864807528486775","112.565734897182","pooledLat"
"xx","1.32302081041791","0.138157853048557","1.07482081337279","117.529296252196","pooledLat"
"xx","1.66699557311611","0.135108654499489","0.797945069157129","111.460013061023","pooledLat"
"xx","1.49990221687469","0.199275553615881","0.766847293677451","110.959301439452","pooledLat"
"xx","1.58710598831555","0.144072850208285","0.962824867927745","112.190618567184","pooledLat"
"xx","1.57545390400239","0.243068852339506","0.880137389096726","110.813599093444","pooledLat"
"xx","1.65160586166646","0.216013129950922","0.783809091648644","110.046525321254","pooledLat"
"xx","1.58802577267471","0.139322270560921","0.928052063442457","111.477372679084","pooledLat"
"xx","1.53959079008086","0.177625488487192","0.811339931601806","109.889700142263","pooledLat"
"xx","1.79413928040718","0.242092669405564","0.702116212723422","114.601552729792","pooledLat"
"xx","1.72118133489873","0.296857793564232","0.980681671019122","113.582561336891","pooledLat"
"xx","1.49305996485868","0.235613104211896","0.791891817263868","111.680513993517","pooledLat"
"xx","1.50602853802754","0.186873964460852","0.934825992012987","111.550335133324","pooledLat"
"xx","1.43396860764242","0.170932515985226","0.98777921179927","113.518456173166","pooledLat"
"xx","1.29485620292839","0.133441751402983","0.896828846595046","114.289630356455","pooledLat"
"xx","1.6929011730937","0.269248880756954","0.892604720844548","111.173257323847","pooledLat"
"xx","1.61636946912566","0.290730120514731","0.84988026701396","111.670199978296","pooledLat"
"xx","1.52536602157125","0.163036416032913","0.779041547371767","110.250452447068","pooledLat"
"xx","1.41780877856136","0.148676009174608","0.780259925091505","111.690069172724","pooledLat"
"xx","1.58141068460615","0.165655528074503","0.895271729023644","110.496257062079","pooledLat"
"xx","1.75091859011857","0.209083446004381","0.705301243545945","113.670065324502","pooledLat"
"xx","1.57541684371048","0.256976823650714","0.90818476455598","111.558789662447","pooledLat"
"xx","1.50893689013979","0.163655536911742","0.824310088083784","110.103706806642","pooledLat"
"xx","1.65874086033039","0.274253550658714","0.895779247954608","111.325732039524","pooledLat"
"xx","1.68305858551048","0.200815607061438","0.830135194354309","110.11921309428","pooledLat"
"xx","1.64173168571842","0.182440731128049","0.913590324926112","110.883031900609","pooledLat"
"xx","1.5030792688956","0.158061034921997","0.849077201112418","110.252586656855","pooledLat"
"xx","1.52368664454536","0.16177264760572","0.915061860768196","110.981637711857","pooledLat"
"xx","1.62325937974432","0.220938223776663","0.809012189983323","109.851680630605","pooledLat"
"xx","1.4647775027184","0.199208137593454","0.716428941745749","113.188526587989","pooledLat"
"xx","1.54786585402864","0.207921036798482","0.834806429689485","110.050779804245","pooledLat"
"xx","1.4238189936012","0.131408772466282","0.888390226512011","111.570277004805","pooledLat"
"xx","1.62467119418696","0.205492512523258","0.70743844083628","111.882258223859","pooledLat"
"xx","1.6026551150703","0.131799490109274","0.823869230327159","110.600452176338","pooledLat"
"xx","1.53223000392733","0.14940595259011","0.906624733458962","110.875435404919","pooledLat"
"xx","1.53550602720579","0.149856508651553","1.10447538895956","116.566301908096","pooledLat"
"xx","1.44625425349079","0.143038726047798","0.839798433339341","110.851541103874","pooledLat"
"xx","1.58664792615395","0.240107427600747","0.849888694679624","110.377120355338","pooledLat"
"xx","1.82163754567218","0.14918902281503","0.910763269131217","114.748457823893","pooledLat"
"xx","1.53165241057536","0.138728316212799","0.885235979149468","110.664158666571","pooledLat"
"xx","1.66010703580711","0.26672369037359","0.810108028722918","110.642691704386","pooledLat"
"xx","1.81045955482774","0.175320613943198","0.91271186838001","113.573197850096","pooledLat"
"xx","1.87980696676111","0.349045203773288","0.87677450684744","114.614218671512","pooledLat"
"xx","1.63718683534251","0.187639326954731","0.813927658822472","109.846319542936","pooledLat"
"xx","1.60569752751055","0.186378044874094","0.95513024397572","111.655065937206","pooledLat"
"xx","1.6968440756682","0.209967938068775","0.894178089066756","110.781732998881","pooledLat"
"xx","1.5399234403663","0.143720907756988","0.732583233296663","111.428813834276","pooledLat"
"xx","1.72706561397495","0.218990504618001","0.745697007265748","111.53910950585","pooledLat"
"xx","1.53099695458755","0.129499122231031","0.860336116992857","110.536980068096","pooledLat"
"xx","1.42778153951823","0.213811976678266","1.0147498400582","114.959942182239","pooledLat"
"xx","1.69899024737559","0.229828655156252","0.665536489204807","114.92513998762","pooledLat"
"xx","1.71962101105422","0.264850221862551","0.750872091051188","111.645245702441","pooledLat"
"xx","1.6802367718401","0.253782805768873","0.681132684034231","114.096822046547","pooledLat"
"xx","1.83162518962615","0.345728104420718","0.864332513543111","113.864631402865","pooledLat"
"xx","1.58245036745455","0.255051433105293","0.894582980074276","111.235535070699","pooledLat"
"xx","1.67569096129488","0.218312120401108","0.814432530310921","110.002222296324","pooledLat"
"xx","1.53786877777999","0.208466983851867","0.870696929398023","110.409785138427","pooledLat"
"xx","1.72132133982568","0.205369117050609","0.795093537235753","110.684015123792","pooledLat"
"xx","1.73906885407016","0.257647227759716","0.94758125086868","112.271568547825","pooledLat"
"xx","1.45386045120908","0.214775239792491","0.793981601776343","111.842409258717","pooledLat"
"xx","1.65184410644393","0.198277141288274","0.89351751302722","110.490213799368","pooledLat"
"xx","1.49597081208249","0.163553326859875","0.830839866652684","110.226975092235","pooledLat"
"xx","1.70876832654961","0.198369222001162","0.828035528006308","110.4455545786","pooledLat"
"xx","1.51915787064466","0.18025240144081","0.673057304950136","114.152085663386","pooledLat"
"xx","1.71666774058725","0.327285845825973","0.883533666926291","112.781071284979","pooledLat"
"xx","2.00896767583777","0.340991867951638","0.917128217449707","117.475367299805","pooledLat"
"xx","1.61687349960086","0.143489431766966","0.929525705732954","111.591310554159","pooledLat"
"xx","1.77006677039431","0.295447246809146","0.811479850543666","111.836590077526","pooledLat"
"xx","1.67730707308235","0.189303699646843","0.903313218241858","110.898075973246","pooledLat"
"xx","1.48889297616932","0.157349592569248","0.835193055588423","110.312948265491","pooledLat"
"xx","1.58549675094324","0.294749866512203","0.813637659113844","112.301918145665","pooledLat"
"xx","1.55019749621094","0.164070091280176","0.962313592212673","111.945629985978","pooledLat"
"xx","1.59302124541576","0.314350540470221","0.776299752393849","113.829248609398","pooledLat"
"xx","1.6839471828072","0.243094492942265","0.946772804164918","111.811887813812","pooledLat"
"xx","1.64792428339588","0.146586699920519","0.804317831712484","110.732972809308","pooledLat"
"xx","1.70449312789677","0.299087736575788","1.08701288849953","116.801796017471","pooledLat"
"xx","1.70493273161706","0.238576222752177","0.913236447098093","111.188755664336","pooledLat"
"xx","1.5865442836337","0.144412737736474","0.83026344625927","110.192458055354","pooledLat"
"xx","1.39207013336962","0.134677387181123","0.764938005050613","112.525252801514","pooledLat"
"xx","1.80159594758428","0.158498188835605","0.848857381050351","113.503074995264","pooledLat"
"xx","1.74144639840649","0.246614088722479","0.79152353709829","110.910285691204","pooledLat"
"xx","1.72316627796635","0.266101933499559","0.964988883794505","112.665906754191","pooledLat"
"xx","1.85518247256995","0.204081369038847","0.816308030463169","113.806924391409","pooledLat"
"xx","1.57584155922092","0.149328319443849","0.866264083604774","110.294076587806","pooledLat"
"xx","1.60743527200444","0.228042426203807","0.886455004632104","110.455068017096","pooledLat"
"xx","1.36255560880422","0.134955496061538","0.739670087536379","114.050665552172","pooledLat"
"xx","1.67825717919015","0.231374720389084","0.773597322622874","110.413956519435","pooledLat"
"xx","1.55882088167539","0.144111364453357","0.823630373873779","110.112624872552","pooledLat"
"xx","1.57729514344158","0.145095784589657","0.902944335605208","110.869218714491","pooledLat"
"xx","1.62584489537031","0.201502156756935","0.764118404906318","110.19809930411","pooledLat"
"xx","1.70170276380068","0.247667536530918","0.720848147617391","112.150967340768","pooledLat"
"xx","1.49759702457156","0.207067338299912","0.851563297842019","110.689097745408","pooledLat"
"xx","1.74537239561761","0.207768369479853","0.716264567279741","113.053713565529","pooledLat"
"xx","1.43116938845455","0.168846617903693","0.729382843159324","112.887271900347","pooledLat"
"xx","1.79982016715284","0.16279446116755","0.996520896392196","115.281655498998","pooledLat"
"xx","1.82150275685314","0.236148261547555","0.743379292481862","113.639947659858","pooledLat"
"xx","1.70601462355359","0.17614218656023","1.00844717806777","113.834933653973","pooledLat"
"xx","1.64615491385442","0.184564079749369","0.77722082544769","110.205709570709","pooledLat"
"xx","1.44135861901162","0.223563797661092","0.773808206706605","112.805139854151","pooledLat"
"xx","1.62747573415478","0.30182424099875","0.769623614698329","112.738250052637","pooledLat"
"xx","1.50966794201467","0.157337361948049","0.839061082768947","110.154013772258","pooledLat"
"xx","1.53230803465412","0.199821932337605","0.797844185914845","110.152957903931","pooledLat"
"xx","1.74250293207306","0.308096327569562","0.830665170666787","111.925510003189","pooledLat"
"xx","1.32377386589458","0.243889555111751","0.835475034795619","116.936544674721","pooledLat"
"xx","1.62225256657639","0.211855183864404","0.756111618124835","110.379095350974","pooledLat"
"xx","1.50861093798386","0.153595228087358","0.873794626274716","110.460387002855","pooledLat"
"xx","1.63526520140845","0.156820900385734","0.944572038363286","111.809609120593","pooledLat"
"xx","1.75328915507067","0.219940384744238","0.927698317103602","111.956911313328","pooledLat"
"xx","1.31675357299626","0.155635837009439","0.96706619962557","115.016980472916","pooledLat"
"xx","1.71152922159331","0.245749931816717","0.884648868592606","110.830883773848","pooledLat"
"xx","1.56683033770206","0.199229534010636","0.830653484665408","109.825526762617","pooledLat"
"xx","1.47278915198139","0.182008451199192","0.975021729665544","112.802553282323","pooledLat"
"xx","1.30337418041883","0.158067838735984","0.879098983582157","114.296431288648","pooledLat"
"xx","1.2852043329764","0.149883626189999","0.654351159208055","123.226091995803","pooledLat"
"xx","1.66395221107444","0.161852645716476","0.774847777605752","110.860257630295","pooledLat"
"xx","1.71009791212616","0.220374203585496","0.953543593875495","112.047055710015","pooledLat"
"xx","1.61660525986725","0.161786325910326","0.796690255998177","110.116142088306","pooledLat"
"xx","1.7214306943993","0.141245602082819","0.937418554110582","113.095846166135","pooledLat"
"xx","1.47991085171923","0.21842145566723","0.894425130326274","111.617045823179","pooledLat"
"xx","1.57846239807526","0.171911986899637","0.843696658954638","109.858729661964","pooledLat"
"xx","1.84682205265092","0.328241816928657","0.87993562979275","113.57010365619","pooledLat"
"xx","1.57844760153879","0.245523559466622","0.839272529835155","110.519125326964","pooledLat"
"xx","1.66736134301828","0.171870721616416","0.793075062600297","110.452640286922","pooledLat"
"xx","1.51485896393395","0.171658790460166","0.904568085216575","110.827378948991","pooledLat"
"xx","1.78848352468703","0.183982014976108","0.843195680869263","112.294361985139","pooledLat"
"xx","1.51537413650195","0.160969594130652","0.921414089476497","111.151272649056","pooledLat"
"xx","1.81258547359038","0.148661952368858","0.873214407344078","114.256846642244","pooledLat"
"xx","1.65040805070949","0.211894876366694","0.821571017259324","109.840419951595","pooledLat"
"xx","1.72375277424555","0.180519861366391","0.837544210038156","110.987673919887","pooledLat"
"xx","1.68031651992678","0.21074743586594","0.808532687059316","110.059781639692","pooledLat"
"xx","1.47872733368629","0.148929571447227","0.821617015664501","110.429771555439","pooledLat"
"xx","1.60727932686894","0.15428273609852","1.08159953963484","115.778248138499","pooledLat"
"xx","1.62897352214352","0.283504130503021","0.741710582701134","112.571906820232","pooledLat"
"xx","1.66379003072589","0.157344952679859","0.724127412115523","112.313916789235","pooledLat"
"xx","1.47863594502698","0.236227725946053","0.839085147042034","111.731880017418","pooledLat"
"xx","1.56921005997788","0.233805544462801","0.72387300767517","111.952833498823","pooledLat"
"xx","1.53757722223992","0.129848797975302","0.785008497386099","110.600586858683","pooledLat"
"xx","1.67287595219069","0.137706695505355","0.941538103037839","112.532672097335","pooledLat"
"xx","1.69060771985817","0.216670884822033","0.769085234939755","110.540365166948","pooledLat"
"xx","1.60055988679888","0.14564867801688","0.835215365288996","110.254377004033","pooledLat"
"xx","1.51831786624403","0.158568331326778","0.807476443058358","110.08285110713","pooledLat"
"xx","1.67220556366798","0.21759412577745","0.716740329549332","111.797292783799","pooledLat"
"xx","1.75357643007397","0.221870828614959","0.907257838131982","111.584729914259","pooledLat"
"xx","1.59038185593039","0.201895857376811","0.847122509430256","109.839252429736","pooledLat"
"xx","1.61010267023834","0.184441419729596","0.834608039489091","109.778184030967","pooledLat"
"xx","1.58572292054043","0.23925222747638","0.837762344287129","110.305550863678","pooledLat"
"xx","1.63028999761793","0.27242215112654","0.816912179106019","110.896184085724","pooledLat"
"xx","1.75091165295802","0.264704559266242","0.90217236349872","111.578811838283","pooledLat"
"xx","1.46264140586757","0.146849195289225","0.955963252969515","112.333178499658","pooledLat"
"xx","1.37241497102571","0.16326664301753","0.955268370890272","113.673620221703","pooledLat"
"xx","1.71940743899089","0.279863554070417","0.833627512627673","111.026018291046","pooledLat"
"xx","1.53325353660319","0.220671039135707","1.056491622476","115.095587646611","pooledLat"
"xx","1.55556825247459","0.129762205794529","0.798945314450007","110.492102223086","pooledLat"
"xx","1.8207822189922","0.324148507622983","0.898467083093095","113.305542568375","pooledLat"
"xx","1.74294173913528","0.201489463607303","0.918721239370765","111.810921767882","pooledLat"
"xx","1.75599349738714","0.140938591613431","1.02938520673848","115.905625136418","pooledLat"
"xx","1.44797201190235","0.194801835937528","0.832765436451565","111.241211844936","pooledLat"
"xx","1.56998790993802","0.138973378008592","0.79497444555998","110.349048163585","pooledLat"
"xx","1.68373646323945","0.19043148993982","0.891386360786539","110.758121682513","pooledLat"
"xx","1.61071139080672","0.166706170773502","1.00592470470731","113.189309652859","pooledLat"
"xx","1.56814873677412","0.179029849747965","0.953366524359711","111.635451284405","pooledLat"
"xx","1.72187410740208","0.246708869310996","0.994524594614342","113.261499881152","pooledLat"
"xx","1.43839144240252","0.208173572188677","0.830232985170121","111.760469754607","pooledLat"
"xx","1.63898439725216","0.170964242381471","0.903358887548421","110.80209384336","pooledLat"
"xx","1.54331015896804","0.128979179062296","0.828982914364104","110.396182173465","pooledLat"
"xx","1.66169261468946","0.258804774506984","0.80594406808767","110.468345361234","pooledLat"
"xx","1.84141288141027","0.265628496122872","0.798438999271653","112.773527824452","pooledLat"
"xx","1.70002294680093","0.231672174465938","1.05007828256794","114.775371281201","pooledLat"
"xx","1.72236073287311","0.154989028815071","0.7241771808636","113.709802024768","pooledLat"
"xx","1.53136351250095","0.210342473601434","0.774291783970581","110.584809027649","pooledLat"
"xx","1.72272075793299","0.235526111941019","0.818050692417395","110.465607474206","pooledLat"
"xx","1.71167060405339","0.328055622759645","0.728664521579227","114.879305199183","pooledLat"
"xx","1.24299829455399","0.131832886099848","0.804415743986054","116.486631901897","pooledLat"
"xx","1.71353517149882","0.164184347292493","0.80917042858444","111.268497018843","pooledLat"
"xx","1.79823615111955","0.228712011833658","0.938611801151508","112.791615484652","pooledLat"
"xx","1.42140273792418","0.228593848799615","0.798283933296197","113.154437749445","pooledLat"
"xx","1.34375836669129","0.130869216370557","0.835593177348062","112.804111030811","pooledLat"
"xx","1.62477082312776","0.15772744355359","0.891342493197055","110.706218943778","pooledLat"
"xx","1.63115265314693","0.221872076004375","0.945568377360209","111.509946502549","pooledLat"
"xx","1.47934882873218","0.153365274485149","0.797717954455405","110.510254044631","pooledLat"
"xx","1.51222356703059","0.154651928760768","1.03977277544523","114.372026951533","pooledLat"
"xx","1.61245553863137","0.196825687700309","0.886180902586063","110.250296640576","pooledLat"
"xx","1.40693996131728","0.140007322681257","0.887787936898868","111.790269378509","pooledLat"
"xx","1.69959362641099","0.148454819272293","1.04241612527421","115.273197493242","pooledLat"
"xx","1.63171210684582","0.34782040841315","0.814034222122035","114.671949559048","pooledLat"
"xx","1.57264298212915","0.14407210894806","0.934831479129325","111.491835733873","pooledLat"
"xx","1.58724360424596","0.174074401507709","0.829823217096677","109.786782118805","pooledLat"
"xx","1.64270893118096","0.304226897701772","0.843135830053387","111.976926493058","pooledLat"
"xx","1.57564536561495","0.211140678268508","0.800607229450614","109.925177399683","pooledLat"
"xx","1.6378552828965","0.253235905948729","0.917054865484555","111.279158942471","pooledLat"
"xx","1.44113477229652","0.131671620041838","0.830370581672639","110.964772365166","pooledLat"
"xx","1.87576015509723","0.289530690847255","0.921352600403216","113.866796831608","pooledLat"
"xx","1.71753756387489","0.2012435902638","0.918509246702496","111.47514822427","pooledLat"
"xx","1.80149684386731","0.262224184779475","0.724177579124666","113.769884531455","pooledLat"
"xx","1.43589144337764","0.166572826152674","0.71029177015073","113.543614673151","pooledLat"
"xx","1.53922140747064","0.179362379300592","0.918506180004711","110.950193286256","pooledLat"
"xx","1.75046672990092","0.219480057359698","0.828426317148224","110.873829988638","pooledLat"
"xx","1.72421696230617","0.191732366689567","0.843508420825069","110.80336823432","pooledLat"
"xx","1.58097800665616","0.237204546913299","1.09876642649864","116.484034789579","pooledLat"
"xx","1.66080877357925","0.146855310806396","0.940779581259128","112.148740099245","pooledLat"
"xx","1.69581635078685","0.147811629360438","0.740979082095084","112.719926991792","pooledLat"
"xx","1.62162449681405","0.146993629466329","0.713493757878441","112.455225554661","pooledLat"
"xx","1.69387084200646","0.352804805104587","1.09965747799944","118.685100915109","pooledLat"
"xx","1.46496855328608","0.138724943262601","0.792720771732135","110.800905396331","pooledLat"
"xx","1.78671656935199","0.145057127386001","0.888969946218918","113.750107706892","pooledLat"
"xx","1.65088204057719","0.135932465329484","0.851985619714372","111.071869585254","pooledLat"
"xx","1.44553784914675","0.179508775916575","0.844450254802901","111.058085312837","pooledLat"
"xx","1.77535695202239","0.342798662890789","0.812334464779792","113.560836289232","pooledLat"
"xx","1.43047688809231","0.190531840657615","0.818788842086433","111.553347654799","pooledLat"
"xx","1.59832531341914","0.173774774499577","0.682042824492092","113.23771543556","pooledLat"
"xx","1.82632652236217","0.254006950007238","0.83334665121983","112.164675929709","pooledLat"
"xx","1.66125210269349","0.242050695264177","0.779712519177883","110.383029373943","pooledLat"
"xx","1.55381508929749","0.129577888896364","0.733795716808294","111.736437278089","pooledLat"
"xx","1.62876765260594","0.188080186380491","0.845845998283316","109.881893722651","pooledLat"
"xx","1.7648136326396","0.360860463993075","0.798580698975162","114.681152880696","pooledLat"
"xx","1.53844411158265","0.146597796316926","0.64528983351911","116.33447533214","pooledLat"
"xx","1.83801566334566","0.166487166317279","1.0908596867198","118.608229061645","pooledLat"
"xx","1.76947119883813","0.169773858586736","0.730382941659329","114.248161030126","pooledLat"
"xx","1.70641806301447","0.218593874775285","0.961373263108141","112.21040818976","pooledLat"
"xx","1.61425135888474","0.227228096573069","0.84143438543819","109.975276545624","pooledLat"
"xx","1.42892982227915","0.132692683516008","1.0670333947216","115.886558296827","pooledLat"
"xx","1.50200267608936","0.168728827895558","0.911443696979425","111.042430984134","pooledLat"
"xx","1.52276799647787","0.232273342536437","0.847549626266769","110.864249836185","pooledLat"
"xx","1.60078053714032","0.211230199650114","0.767690724302512","110.177205925084","pooledLat"
"xx","1.315411809951","0.172319113412243","0.861624520684018","114.196626215892","pooledLat"
"xx","1.70872311767676","0.128859883127691","0.820704612705062","112.383227670273","pooledLat"
"xx","1.74173333759763","0.154048581163016","0.783802147301367","112.562936215723","pooledLat"
"xx","1.6033828715771","0.218666050288999","0.85312991839665","109.979959591422","pooledLat"
"xx","1.69108552852435","0.271138022735871","0.812098381366219","110.75831578843","pooledLat"
"xx","1.48364831083428","0.179965717325626","0.932718233224874","111.675702731164","pooledLat"
"xx","1.58543996571131","0.211916877866855","0.690863863429127","112.800258359457","pooledLat"
"xx","1.67710128002716","0.221891536722427","0.819097459754124","110.014055224121","pooledLat"
"xx","1.48894399231474","0.230119750996303","0.869265043954294","111.484215699313","pooledLat"
"xx","1.70496479256639","0.271459312026566","1.07199630935069","115.841131740457","pooledLat"
"xx","1.64054467394506","0.211150655330669","0.935978952974494","111.255284913678","pooledLat"
"xx","1.67838744439352","0.155591616242691","0.926883584634774","111.875603775","pooledLat"
"xx","1.61250751968207","0.132879861488494","0.79445382752908","110.809444719579","pooledLat"
"xx","1.79896769425143","0.210435324975949","0.947094399076261","113.16683483484","pooledLat"
"xx","1.86208387129724","0.218846196274742","0.80664308094806","113.767518040718","pooledLat"
"xx","1.47509588577273","0.12867169229101","0.843555461076755","110.676164778506","pooledLat"
"xx","1.46668371248485","0.180889819491399","0.768416166819935","111.215723553757","pooledLat"
"xx","1.5707706359348","0.136388402663374","0.932148045358507","111.552953801437","pooledLat"
"xx","1.60248906338862","0.249864422992252","1.04325525457214","114.670431964474","pooledLat"
"xx","1.83525857161469","0.179468775899085","0.877125295810987","113.792405757083","pooledLat"
"xx","1.50694556533237","0.176679997087585","0.953482758564726","111.917639504683","pooledLat"
"xx","1.5201437854244","0.203836983451227","0.823695962214974","110.255119505152","pooledLat"
"xx","1.80334527244225","0.254028156706648","0.925044989149938","112.538026567767","pooledLat"
"xx","1.6649448365709","0.1504679416859","0.727749105923972","112.432952466562","pooledLat"
"xx","1.60302533591704","0.143667606679154","0.849130295940977","110.376454468557","pooledLat"
"xx","1.68118610779335","0.208537928432362","0.869584235534906","110.326394437828","pooledLat"
"xx","1.56086094512096","0.162778952417606","0.885712725899049","110.372122567164","pooledLat"
"xx","1.55393445378613","0.16626485165879","0.744693228670289","110.745814141983","pooledLat"
"xx","1.39816197145763","0.173171372377476","0.852619333770718","111.945950854601","pooledLat"
"xx","1.78672001824757","0.132097294837261","0.82187346000922","114.402409301008","pooledLat"
"xx","1.40530216203747","0.129961745667999","0.845908296836657","111.522993010052","pooledLat"
"xx","1.7345132324133","0.153986877046124","0.84874427320098","111.947969723765","pooledLat"
"xx","1.54997819608817","0.212205575020525","0.925558087378862","111.241406031314","pooledLat"
"xx","1.427784376689","0.225368512151461","0.661414940703264","118.931999658132","pooledLat"
"xx","1.60120996007392","0.337080456488883","0.789653084078833","114.896423540661","pooledLat"
"xx","1.57477134669075","0.202111188518058","0.774318308329739","110.093701717202","pooledLat"
"xx","1.72114061265489","0.195081811139364","0.73623583148935","112.005122681581","pooledLat"
"xx","1.51214820714107","0.212753070675602","0.769630065309217","110.987396281094","pooledLat"
"xx","1.7958612219528","0.278953671388969","0.817431616488797","111.803586422531","pooledLat"
"xx","1.63036777609778","0.147900937105532","0.846816468064472","110.486744963878","pooledLat"
"xx","1.4185671876969","0.158901315078078","0.896342321890461","111.775763563113","pooledLat"
"xx","1.43481319588624","0.143404769824653","0.857324523881183","111.08841230367","pooledLat"
"xx","1.78086317744047","0.184874132101173","0.833775438226418","112.088317301458","pooledLat"
"xx","1.35906880538572","0.164537261179809","0.823416044967363","112.826394712018","pooledLat"
"xx","1.635313422382","0.131034936234692","0.763932545508834","111.626494889751","pooledLat"
"xx","1.58168284680788","0.247493666448554","0.669359481867556","115.129154118596","pooledLat"
"xx","1.72903043696001","0.165016936250476","0.926705407335576","112.386269091902","pooledLat"
"xx","1.55299338255612","0.190901856787896","0.713936628810226","111.731430746189","pooledLat"
"xx","1.52749562939476","0.174256439508946","0.796025002172115","110.043035808833","pooledLat"
"xx","1.52330801827754","0.226881214436065","0.983733727590311","113.076456582305","pooledLat"
"xx","1.61501174038714","0.245433516843912","0.854100861790702","110.354240395759","pooledLat"
"xx","1.57800050679413","0.219694001666101","0.926858010391539","111.188550089253","pooledLat"
"xx","1.61703642011926","0.25295717112556","0.921347654866995","111.421574968058","pooledLat"
"xx","1.82514857651609","0.212536291115063","0.770238407633272","113.393537167968","pooledLat"
"xx","1.76780198755895","0.178382079937985","0.815771744669314","112.020061923959","pooledLat"
"xx","1.49562157934378","0.171590445598858","0.930972222372844","111.484385802924","pooledLat"
"xx","1.59107324784851","0.23576768579062","0.894432325124954","110.75921228244","pooledLat"
"xx","1.60116241457064","0.213642656137924","0.873062698554481","110.14239907013","pooledLat"
"xx","1.3781272129149","0.160290780534818","0.767961818811103","113.016094793638","pooledLat"
"xx","1.61536318333688","0.137765001668545","0.889363819504996","111.00814076953","pooledLat"
"xx","1.41090309738942","0.164554329518427","0.910102846776824","112.150350907956","pooledLat"
"xx","1.59108133954367","0.187321088788153","0.899462399921685","110.460600486781","pooledLat"
"xx","1.59292449148244","0.199565847925712","0.814519527013111","109.726747427674","pooledLat"
"xx","1.79087622589228","0.152729374746847","0.66783686194924","119.821876045214","pooledLat"
"xx","1.6664143441011","0.215360924473106","0.955669497023899","111.817716471409","pooledLat"
"xx","1.71390632377336","0.196592806165181","0.861903066072392","110.695525189757","pooledLat"
"xx","1.50352192073442","0.151524722924844","0.87892094693285","110.566237446804","pooledLat"
"xx","1.695945588617","0.233440460488958","0.858471521262741","110.35289987765","pooledLat"
"xx","1.48756921824973","0.271727645260138","1.06373679328252","116.932715840957","pooledLat"
"xx","1.34002856581335","0.184589838751717","0.950812373020728","114.664599480148","pooledLat"
"xx","1.53701903311109","0.222139921205377","0.83354698946243","110.39426152939","pooledLat"
"xx","1.59264508989734","0.28386822308971","0.73406839182222","113.307252937221","pooledLat"
"xx","1.78648192347285","0.228702789068635","0.88335609955033","111.732900598077","pooledLat"
"xx","1.48811162600482","0.146227647646363","0.787120583836255","110.557317907652","pooledLat"
"xx","1.68645108333864","0.229829877888031","0.843782586465012","110.167969089207","pooledLat"
"xx","1.45943475639116","0.140865714996374","1.06911940014938","115.688345207585","pooledLat"
"xx","1.53823443360966","0.211596295849775","0.816211220328227","110.181016173782","pooledLat"
"xx","1.62695178891998","0.264179004648514","0.909928167418111","111.412597375749","pooledLat"
"xx","1.79614625571272","0.329380956775391","0.883867889744505","113.097941503395","pooledLat"
"xx","1.39220350307367","0.131371007779842","0.95994188811593","113.274100032838","pooledLat"
"xx","1.67284936993207","0.240632537698971","0.794601670576729","110.241948680178","pooledLat"
"xx","1.69954214694515","0.288856725649712","0.821354011859279","111.224155752606","pooledLat"
"xx","1.56822653295213","0.184250300094511","0.773352579751027","110.063492799612","pooledLat"
"xx","1.63167848058537","0.145520400073816","0.705977566785926","112.972772999375","pooledLat"
"xx","1.12545165676076","0.22490659920467","0.884222397038758","124.989837904504","pooledLat"
"xx","1.52301995190894","0.130743814560743","0.739630056992872","111.52047706074","pooledLat"
"xx","1.53137721511226","0.27785067380955","0.748703159666731","113.698428515265","pooledLat"
"xx","1.58046192356088","0.173451599714701","0.999062151080645","112.887261149369","pooledLat"
"xx","1.59759314326834","0.170291659702557","0.783994623726026","110.010533965603","pooledLat"
"xx","1.76779141134294","0.236055811967142","0.82975856331709","111.078998391568","pooledLat"
"xx","1.5264320486736","0.268617354289344","0.899698360884646","112.423402782367","pooledLat"
"xx","1.50881011163561","0.257895360066984","0.831920603619643","111.924945031851","pooledLat"
"xx","1.81222223090681","0.248060420255573","0.875005754748569","112.030651065737","pooledLat"
"xx","1.45214518189883","0.200359693737263","1.00461192244275","114.067085874368","pooledLat"
"xx","1.79009938363822","0.266445080888327","0.933669717581712","112.56172748942","pooledLat"
"xx","1.44268721803396","0.239775988970228","0.844448123125802","112.691311076722","pooledLat"
"xx","1.51907382509469","0.176361478200174","0.760831784897963","110.584428132157","pooledLat"
"xx","1.64835307062519","0.180394686089943","0.854913573227343","110.132829820382","pooledLat"
"xx","1.39655796530674","0.137093085151388","0.924360669279489","112.492678290663","pooledLat"
"xx","1.4148469403358","0.142243629518973","0.884476092264856","111.628681483038","pooledLat"
"xx","1.52898832265327","0.199767796077827","0.816329631095079","110.108039380244","pooledLat"
"xx","1.49592188003946","0.141914676365521","0.70345361268151","112.858966687653","pooledLat"
"xx","1.70487934795836","0.164219252917006","0.788621100907291","111.292837111082","pooledLat"
"xx","1.7982898270036","0.237071298347661","0.927525512741417","112.532961143911","pooledLat"
"xx","1.48194200074293","0.227752433044878","0.892868737630249","111.791011620934","pooledLat"
"xx","1.51904640139925","0.139306260511313","0.742496767226699","111.277970703773","pooledLat"
"xx","1.54494875786072","0.204461771865452","0.78442971324451","110.207835172536","pooledLat"
"xx","1.68843212827067","0.20546273463747","0.87797251731365","110.50043912821","pooledLat"
"xx","1.69152950122137","0.294511825082951","0.832059510824014","111.385488604659","pooledLat"
"xx","1.51046107720679","0.131934677563451","0.895758298626261","110.963068949196","pooledLat"
"xx","1.70013166753055","0.285205386458337","0.837013233445899","111.106286896743","pooledLat"
"xx","1.75320477014324","0.178272431016388","0.80633629107418","111.74178586045","pooledLat"
"xx","1.35610565990768","0.13034696850433","0.81226815484121","112.632677709675","pooledLat"
"xx","1.64010689670199","0.210949113078643","0.894011229020085","110.440535033989","pooledLat"
"xx","1.72429283036654","0.27285216576861","0.858093305379864","111.000482223395","pooledLat"
"xx","1.8419128073358","0.183857419836136","1.01506505740334","116.114720222637","pooledLat"
"xx","1.53834072693442","0.164044491706649","0.973488498310437","112.26797733032","pooledLat"
"xx","1.46687276055933","0.237890341145964","0.833040387577362","112.050183848964","pooledLat"
"xx","1.68601490564551","0.157873483377261","0.859335869291077","111.001296189676","pooledLat"
"xx","1.63902621331273","0.184171166386192","0.970710628403646","112.16789637668","pooledLat"
"xx","1.60614923596225","0.251002358483305","0.967633595386795","112.473956713622","pooledLat"
"xx","1.58982989096112","0.265484015382841","0.902895117836571","111.576482380722","pooledLat"
"xx","1.53515382936089","0.136855555994162","0.826429050985565","110.241002001125","pooledLat"
"xx","1.42995446568075","0.188586378689962","0.744019361297048","112.789018239352","pooledLat"
"xx","1.64708108130786","0.228678195981196","0.786443960153573","110.097584631273","pooledLat"
"xx","1.70557135408473","0.225184589311369","0.840230246907698","110.292512310254","pooledLat"
"xx","1.59829547516137","0.331359397018958","0.78664982359102","114.618923737174","pooledLat"
"xx","1.70291557701558","0.268982642914742","0.839819082777065","110.730735381709","pooledLat"
"xx","1.6489553403122","0.286892354143987","0.779090637495822","111.673656947574","pooledLat"
"xx","1.74956484660668","0.19342847675299","0.870371147155953","111.37632856918","pooledLat"
"xx","1.71205186178569","0.289887492613177","0.694637975940413","114.623768585802","pooledLat"
"xx","1.62252222940255","0.160754559252217","0.706339400801246","112.391394515063","pooledLat"
"xx","1.32248629071062","0.136588530648005","0.792645578522479","113.882550942787","pooledLat"
"xx","1.64167507560929","0.207456052474473","0.743029410299199","110.722197669922","pooledLat"
"xx","1.40837390356265","0.257239811903074","0.874147380094844","114.436801974275","pooledLat"
"xx","1.44197975212132","0.19297415036693","1.00276927992788","114.051549146255","pooledLat"
"xx","1.73601572176943","0.231511518737367","0.846624674695695","110.660726642291","pooledLat"
"xx","1.43895837308727","0.178353683829536","0.759776867483812","111.928826141472","pooledLat"
"xx","1.62307091958997","0.22300837512026","0.74692573757835","110.693956244804","pooledLat"
"xx","1.55676867699961","0.18724307453963","0.800558391788721","109.852628670562","pooledLat"
"xx","1.49059395887154","0.130651512542255","0.751356377043647","111.36637287635","pooledLat"
"xx","1.67298738205441","0.142104017395095","0.756730260383238","112.012765524037","pooledLat"
"xx","1.48888942808721","0.199363797561301","0.785164225102906","110.858161671898","pooledLat"
"xx","1.64762962738222","0.169768837185691","0.759625118773952","110.746312471576","pooledLat"
"xx","1.56548634346484","0.230264559221459","0.920599902564788","111.28933447755","pooledLat"
"xx","1.78436821581305","0.177241917827939","0.9001055110316","112.74715069522","pooledLat"
"xx","1.76168735785201","0.3165879181742","0.833384005466154","112.298399108388","pooledLat"
"xx","1.64939870266441","0.228992390326841","0.857136377205681","110.099919759023","pooledLat"
"xx","1.52983357025677","0.235337631089299","0.959872625003258","112.565252566393","pooledLat"
"xx","1.70722761252132","0.289319331469275","0.827643427901014","111.235887886836","pooledLat"
"xx","1.55163144395858","0.147118079469614","0.843219588032889","110.119074533122","pooledLat"
"xx","1.45757811395466","0.206700581380535","0.868631678330908","111.458575624378","pooledLat"
"xx","1.63055299733935","0.164098646178715","0.874981966183042","110.423568864783","pooledLat"
"xx","1.53857884239821","0.190106223032577","0.860331038069624","110.122131011803","pooledLat"
"xx","1.61488597518492","0.221364370423206","0.915536386892193","110.863794746009","pooledLat"
"xx","1.66811113769639","0.200637303669605","1.00440820582834","113.180392640512","pooledLat"
"xx","1.65330119014483","0.233353369264833","0.658251942031916","115.129070498779","pooledLat"
"xx","1.64578079531231","0.294023026156703","0.765833659749286","112.260463205769","pooledLat"
"xx","1.48133291578246","0.227935952785556","0.717251635852857","113.6961683227","pooledLat"
"xx","1.62004172483601","0.244173349742966","0.823359416883438","110.190516983656","pooledLat"
"xx","1.67518516243085","0.148702758237116","0.805045633469293","111.06961821202","pooledLat"
"xx","1.50886987934153","0.169026328966273","0.861817547759534","110.292206510252","pooledLat"
"xx","1.70426721633502","0.189558920156631","1.09918577418646","116.627319174705","pooledLat"
"xx","1.57471345071897","0.134214687251528","0.889975100812157","110.854808114344","pooledLat"
"xx","1.64947312742511","0.334951030926925","0.861703981461757","113.413757653263","pooledLat"
"xx","1.37027540954573","0.184932134165701","0.765399647920492","113.884071931947","pooledLat"
"xx","1.61769742195461","0.323894125144362","0.916870489512103","113.67106070858","pooledLat"
"xx","1.36539169821142","0.230456431104013","0.787995470938932","115.362380297673","pooledLat"
"xx","1.43825390917685","0.208420062454042","0.982943431784802","113.83789340985","pooledLat"
"xx","1.71359130056483","0.243285182285894","0.85600598627119","110.529472743504","pooledLat"
"xx","1.54776835911569","0.185249143884085","0.782629998987341","110.046389611089","pooledLat"
"xx","1.53498897228919","0.136838124961543","0.93739356966491","111.625287212272","pooledLat"
"xx","1.46214045024441","0.255621006545545","0.837406534617949","112.8721812134","pooledLat"
"xx","1.35516367165287","0.19228174417346","0.849763150712462","113.50232566401","pooledLat"
"xx","1.57534422901824","0.194217367259128","0.703410138674141","112.06478609903","pooledLat"
"xx","2.07716709428352","0.428703629654232","0.873989885335501","121.835207046961","pooledLat"
"xx","1.39699642518914","0.150530035200426","0.820629189824283","111.728927246249","pooledLat"
"xx","1.63170031513775","0.188360199677908","0.772664267847224","110.132874091251","pooledLat"
"xx","1.42657756660212","0.157158143683727","1.00453313500868","113.990250701986","pooledLat"
"xx","1.53305655281536","0.15527030761951","0.842911301322324","110.062136278145","pooledLat"
"xx","1.75050516033331","0.208419328560091","0.772393725581928","111.481681513459","pooledLat"
"xx","1.33386462314737","0.189888445464055","0.863727106686864","114.090478013667","pooledLat"
"xx","1.72548555989636","0.196712183619817","0.673286944083396","115.158966610463","pooledLat"
"xx","1.68523781890012","0.277441931921569","0.814505205933067","110.903438741107","pooledLat"
"xx","1.51127564981889","0.136544240167206","0.967911989320778","112.403192963724","pooledLat"
"xx","1.6425853892057","0.206097977285018","0.604523467060154","120.122956645537","pooledLat"
"xx","1.78831643130299","0.229668291287499","0.871175279569039","111.641494470385","pooledLat"
"xx","1.45752400955313","0.204422867703242","0.837030156735527","111.259105826491","pooledLat"
"xx","1.55920168250087","0.269450282975341","0.854392896092593","111.552112350399","pooledLat"
"xx","1.48651096514243","0.267793926938939","0.986232925112796","114.69011816621","pooledLat"
"xx","1.59211591781807","0.19605602345192","0.76176306761021","110.208163649679","pooledLat"
"xx","1.75600815103523","0.189729209509423","0.723692423543872","113.416277313346","pooledLat"
"xx","1.58094117621621","0.130813672127687","0.70536411282763","112.963398869477","pooledLat"
"xx","1.62528224320255","0.152350595716191","0.915669454740949","111.212515292895","pooledLat"
"xx","1.61313306587718","0.18065950913272","0.793609232445473","109.87556078316","pooledLat"
"xx","1.83219520978074","0.24901289215433","0.914568326462058","112.872609398105","pooledLat"
"xx","1.42631158220442","0.212411431436127","0.818677566461525","112.223465697921","pooledLat"
"xx","1.3991717936474","0.223100953743715","0.792531855491542","113.712104741581","pooledLat"
"xx","1.68202003345615","0.206853934280756","0.832461508388448","110.079236674261","pooledLat"
"xx","1.43131625422959","0.171522596695628","1.12390380457735","117.904783261555","pooledLat"
"xx","1.46885486542496","0.159077435908299","0.946545412893183","112.046483655884","pooledLat"
"xx","1.59889635691397","0.188430186862524","0.855653808072828","109.882467371541","pooledLat"
"xx","1.72279294253906","0.193509395865413","1.018117442433","114.086770685476","pooledLat"
"xx","1.61173518644075","0.221632713387519","0.867629120047122","110.131082628583","pooledLat"
"xx","1.35001907960839","0.174626994238277","0.805565596675292","113.483899539382","pooledLat"
"xx","1.44126816585505","0.131601295253445","0.729628725990005","112.604409951693","pooledLat"
"xx","1.74161147235891","0.176625243403434","0.922430631030165","112.262731731652","pooledLat"
"xx","1.55026244361044","0.155774121500308","0.803088747475692","109.995551851475","pooledLat"
"xx","1.47054828750991","0.150758941452528","0.786867285320024","110.729769158567","pooledLat"
"xx","1.46072577356907","0.133951562122779","0.806641379229067","110.779720409718","pooledLat"
"xx","1.35583501014218","0.14967131421531","0.938524042168138","113.540334200929","pooledLat"
"xx","1.58122961116608","0.141011160440382","0.778592607715168","110.527940800499","pooledLat"
"xx","1.65818814650758","0.22509999074822","0.785529351930752","110.108290605765","pooledLat"
"xx","1.57863896505672","0.15372045645037","1.00706827299147","113.269919923023","pooledLat"
"xx","1.30739226734799","0.137879340243324","0.768503143889911","114.967412294814","pooledLat"
"xx","1.67847406206952","0.218593912831766","0.937544092873957","111.455787650159","pooledLat"
"xx","1.50968860597706","0.150358539575403","0.873196769909607","110.467846053782","pooledLat"
"xx","1.57758545772948","0.272453532087747","0.934805260504408","112.456737635424","pooledLat"
"xx","1.27594904291205","0.157737079577379","0.887125130100004","115.191640323196","pooledLat"
"xx","1.41556298795635","0.207794214203395","0.795060697032263","112.60004253809","pooledLat"
"xx","1.71999678311737","0.146606041552116","0.826818233390547","111.896390087454","pooledLat"
"xx","1.56686477251586","0.304340502379028","0.747356569225853","114.550842174586","pooledLat"
"xx","1.37581075495314","0.176111857240028","0.805923822784038","112.732703949479","pooledLat"
"xx","1.63970139936347","0.14936818135436","0.996289020124613","113.294507667445","pooledLat"
"xx","1.48788465718986","0.143681108639678","0.858197988397731","110.514482163481","pooledLat"
"xx","1.66471537204965","0.226590328554824","0.716614642323154","111.796744123899","pooledLat"
"xx","1.54186384796444","0.139942538224925","0.738638999915252","111.315475752755","pooledLat"
"xx","1.51756742818537","0.138126916471967","0.894523655026244","110.840287796726","pooledLat"
"xx","1.75202948006023","0.221666425188901","0.921797905865231","111.818055327003","pooledLat"
"xx","1.69539908413988","0.164284210388644","0.72909208472491","112.510571224501","pooledLat"
"xx","1.38518587205246","0.140598845173758","0.724866485311545","114.009081802853","pooledLat"
"xx","1.81539481465335","0.207111257529182","0.971722307856923","114.057729822195","pooledLat"
"xx","1.41711991640212","0.135617636473295","0.87459048058632","111.497533173178","pooledLat"
"xx","1.5863807442608","0.243585651274607","0.731723226652806","111.779896721182","pooledLat"
"xx","1.68215118921546","0.269474068690573","0.727716248927779","112.29360834658","pooledLat"
"xx","1.59265714365168","0.132034491361175","0.887547438944495","110.957033600481","pooledLat"
"xx","1.53632719249455","0.148167850517593","0.774781418514283","110.397087019284","pooledLat"
"xx","1.41257964530783","0.190450690230158","0.917487425796543","112.59323648608","pooledLat"
"xx","1.42374496294645","0.219425391207847","1.01967491344894","115.286688340118","pooledLat"
"xx","1.49615053878816","0.189674713666178","0.749828789692218","111.237594205142","pooledLat"
"xx","1.47435928181182","0.158758300466353","0.736280278488368","111.730629790085","pooledLat"
"xx","1.50018220779454","0.130439520056277","0.802545065704593","110.527402720952","pooledLat"
"xx","1.69354529678767","0.143346217157285","0.871475116895767","111.625472776936","pooledLat"
"xx","1.48682350005294","0.16176881307892","0.890848420267207","110.829717275294","pooledLat"
"xx","1.73714048111632","0.142282525917964","0.845749935567139","112.425730554243","pooledLat"
"xx","1.76406415093806","0.130085190319534","0.734112401016377","115.977321496392","pooledLat"
"xx","1.64806801672312","0.18178378456506","0.830217936097656","109.984015381129","pooledLat"
"xx","1.56370963325796","0.146363085876797","0.853446806269278","110.202504662058","pooledLat"
"xx","1.63584772711907","0.255669822198074","0.750356648938576","111.251259425073","pooledLat"
"xx","1.39093725039458","0.159252018702375","0.689784370934439","115.846122046217","pooledLat"
"xx","1.67490351595664","0.262829787940806","0.77724936437546","110.859099182812","pooledLat"
"xx","1.87455276656495","0.133527715639531","0.842405234278249","117.404600851958","pooledLat"
"xx","1.57537804769168","0.167901563742265","0.806363261187876","109.839530692541","pooledLat"
"xx","1.65738988804184","0.188175088261577","0.83711606868135","110.013921874584","pooledLat"
"xx","1.73255583917079","0.183236231288892","0.863774637890385","111.21209898507","pooledLat"
"xx","1.46135861034943","0.133703645256363","0.945442572209124","112.166145179027","pooledLat"
"xx","1.64936177352655","0.300292851267737","0.871630518599684","111.898969522743","pooledLat"
"xx","1.40207039181803","0.209320686094208","0.824671572786999","112.740986147212","pooledLat"
"xx","1.51849981241577","0.218585990462219","0.669186296319882","115.184914496872","pooledLat"
"xx","1.58208168527869","0.12940518568119","0.756431599852357","111.260242473732","pooledLat"
"xx","1.76456492884796","0.237696484149171","0.746673107833352","112.126680773111","pooledLat"
"xx","1.65500810180253","0.199497912997161","0.867400796058238","110.151796582292","pooledLat"
"xx","1.3715290689896","0.271625326586512","0.788778908877641","117.603575506418","pooledLat"
"xx","1.73774125574194","0.142491353872091","0.789379986294631","112.851584566176","pooledLat"
"xx","1.69838373005791","0.199736370516179","0.911121489958532","111.142773943507","pooledLat"
"xx","1.74487978826708","0.309716946265873","0.807069771160178","112.124003665141","pooledLat"
"xx","1.63690493009448","0.155241656881665","0.901919242718084","111.007723127055","pooledLat"
"xx","1.53582245811235","0.152880125806337","0.84660412008106","110.095889411479","pooledLat"
"xx","1.40154357718378","0.145506661533434","0.813285967885009","111.646178501871","pooledLat"
"xx","1.66494452116084","0.133940082022893","0.733877307080803","112.878311048257","pooledLat"
"xx","1.44964481524617","0.135794581565351","0.944670927175141","112.238348662422","pooledLat"
"xx","1.60159798440222","0.195560896342857","0.705787113625311","111.904908002365","pooledLat"
"xx","1.41680538163972","0.213261102414272","0.941630371611565","113.425863310602","pooledLat"
"xx","1.6650015856004","0.284989944007979","0.908858669817074","111.789569765902","pooledLat"
"xx","1.44357292251481","0.135388665844499","0.825134513643731","110.910754820164","pooledLat"
"xx","1.23468934458596","0.151097719245839","0.791374710486417","117.636881859456","pooledLat"
"xx","1.55938966808321","0.33857268789998","0.841260043285721","115.182003451336","pooledLat"
"xx","1.37841660714476","0.20196523064908","0.970907062560712","114.559915857622","pooledLat"
"xx","1.49807574436284","0.177094561698762","0.910071109504715","111.07524963189","pooledLat"
"xx","1.74613089133138","0.28436743567345","0.912958772598496","111.998371884266","pooledLat"
"xx","1.82242914643492","0.30411380684513","0.986087131127755","114.497284456731","pooledLat"
"xx","1.57584234130289","0.136926470076121","0.730696815856764","111.715618481771","pooledLat"
"xx","1.35992457717947","0.196779705742414","0.82957129505076","113.566961074299","pooledLat"
"xx","1.60327162597661","0.210738921133147","0.928823450855934","111.074051537631","pooledLat"
"xx","1.74626308330537","0.310845635994291","0.805189040303761","112.188626945317","pooledLat"
"xx","1.51634016343134","0.190496751368535","0.876667765462155","110.484108573272","pooledLat"
"xx","1.60804488892343","0.18100872552859","0.820493573139926","109.762751103271","pooledLat"
"xx","1.41448672629463","0.177237698654507","1.07782357445572","116.545701900649","pooledLat"
"xx","1.45690358225869","0.211758240012606","0.757278657223632","112.360694831906","pooledLat"
"xx","1.66446762361092","0.224062668977924","0.744340579484269","110.873434284744","pooledLat"
"xx","1.5513443073213","0.148280272627372","0.815630068404049","110.049777791394","pooledLat"
"xx","1.54765865409206","0.157416489816949","0.835572005418861","109.967296583579","pooledLat"
"xx","1.64574330092568","0.202632555890993","0.787998412934169","109.962059690388","pooledLat"
"xx","1.48386114389139","0.262688142054025","0.986547155887546","114.573985024864","pooledLat"
"xx","1.59091876507911","0.24582018367348","0.929715323058287","111.583974073962","pooledLat"
"xx","1.52088362225488","0.233314542428682","0.817712138673416","110.896268947947","pooledLat"
"xx","1.77381387067015","0.170642813882079","0.758639267676509","113.390128972335","pooledLat"
"xx","1.74522921822962","0.223105114919158","0.877483099666779","111.053459193044","pooledLat"
"xx","1.51721267176014","0.206816379813145","0.911464684432158","111.18505735707","pooledLat"
"xx","1.83648212823759","0.320842348908237","0.869694532441149","113.190677633215","pooledLat"
"xx","1.49283540843355","0.134309674200743","0.805001284339562","110.497682335222","pooledLat"
"xx","1.32085529139732","0.147141035973854","0.78341435236602","114.262132364358","pooledLat"
"xx","1.85878063677479","0.225954704088266","0.830844416143077","113.290844909134","pooledLat"
"xx","1.49766028104914","0.139609657272112","0.83977144506753","110.373981542772","pooledLat"
"xx","1.46976019449294","0.219616386386423","0.931989301909919","112.425504044847","pooledLat"
"xx","1.57463768759195","0.176477395284803","0.649979351965992","115.417162440999","pooledLat"
"xx","1.38128646016661","0.155279788235652","0.832643097360586","112.08394891495","pooledLat"
"xx","1.59514233041448","0.204598395779651","0.716540821436323","111.507596207706","pooledLat"
"xx","1.88482042126013","0.19440039614976","0.798326393976348","115.494153692969","pooledLat"
"xx","1.47811032642258","0.179278375545904","0.74862050573478","111.436210006273","pooledLat"
"xx","1.74112454272587","0.149078689356999","0.857498753865096","112.289997924927","pooledLat"
"xx","1.69297402666731","0.341344145365231","0.884862342336649","113.492292282512","pooledLat"
"xx","1.33422439745261","0.134119339715882","0.827401857791337","113.108773559468","pooledLat"
"xx","1.51814156259248","0.229061982866217","0.760284106508564","111.51442988565","pooledLat"
"xx","1.46327427579953","0.177585842428744","0.994897639397027","113.407401144014","pooledLat"
"xx","1.70061216962337","0.201483042779722","0.924888172592714","111.413199579905","pooledLat"
"xx","1.46631192757119","0.230812823371674","0.824315665839267","111.83717105334","pooledLat"
"xx","1.41703304219774","0.182674687689049","0.770596345005822","112.304024254148","pooledLat"
"xx","1.7171687986793","0.172456392770467","0.817963651450073","111.070476361138","pooledLat"
"xx","1.50510872555337","0.139707087887995","0.78862467141856","110.478410772965","pooledLat"
"xx","1.88317116565251","0.278072686918827","0.756577709743857","114.903104511569","pooledLat"
"xx","1.77233812843085","0.265573191408131","0.779868958927482","111.673858310809","pooledLat"
"xx","1.72551423409899","0.182481313097903","0.952073182638218","112.511978338908","pooledLat"
"xx","1.96873379046578","0.278955918282599","0.883443987112079","115.984781107232","pooledLat"
"xx","1.64517191003813","0.174922538173515","0.712061217612429","112.076746742283","pooledLat"
"xx","1.55817350421967","0.152705665894782","1.04726711342923","114.533606826625","pooledLat"
"xx","1.36189212769864","0.174689606604831","0.820521145748113","112.969339176333","pooledLat"
"xx","1.31229729844076","0.139870471291379","0.995242473007418","115.554239581015","pooledLat"
"xx","1.441835263576","0.195361303709169","0.686975954924539","115.249093164889","pooledLat"
"xx","1.61874733506782","0.130856788368965","0.877826537361224","111.068172382123","pooledLat"
"xx","1.52601926540163","0.292889500015859","0.774332901220269","114.009272076579","pooledLat"
"xx","1.71004326992805","0.228759565221322","0.757141185445365","110.994565472868","pooledLat"
"xx","1.72912373972702","0.342163949589067","0.963952008912216","114.538574665774","pooledLat"
"xx","1.57930712521568","0.29370562746001","0.87604922159326","112.375014111136","pooledLat"
"xx","1.62009459000481","0.207879318028534","0.791698067118331","109.85318545478","pooledLat"
"xx","1.64395507809267","0.203665026140889","0.843120353848791","109.877820278745","pooledLat"
"xx","1.27399047479929","0.141344811080762","0.84910774956378","114.941475442186","pooledLat"
"xx","1.51811482500257","0.143547865359374","0.649893468059267","116.108510341885","pooledLat"
"xx","1.42678840206865","0.171703366845602","0.803895013830813","111.409321193242","pooledLat"
"xx","1.67875328021215","0.200552255932529","0.742633330950286","111.066193020374","pooledLat"
"xx","1.59573102013792","0.139930130581465","0.738620391589983","111.509786121915","pooledLat"
"xx","1.6437988123749","0.190364354321125","0.722516535203482","111.438296687674","pooledLat"
"xx","1.51640172816647","0.231687172514799","0.848678305707985","110.947287431606","pooledLat"
"xx","1.6943731127249","0.231403257833881","0.854989489808324","110.303440752474","pooledLat"
"xx","1.47930692290056","0.211428583284108","1.00600684097243","113.924926708361","pooledLat"
"xx","1.5314521920825","0.17444259012202","0.742684634346635","110.890896018542","pooledLat"
"xx","1.85556478752469","0.207837076664577","1.02822652342826","116.267936379693","pooledLat"
"xx","1.65098931439457","0.257476345073617","0.693451107047353","113.457327946975","pooledLat"
"xx","1.52624685301637","0.226978982726965","0.750350696366919","111.54835826221","pooledLat"
"xx","1.53077676076653","0.156290823034276","0.726544688918418","111.479012144157","pooledLat"
"xx","1.37281510321107","0.136034386738694","0.851577208710915","112.149717405346","pooledLat"
"xx","1.48172459239528","0.152705578663242","0.779847779208439","110.677346659742","pooledLat"
"xx","1.59461190277407","0.15578160789925","0.821469190375755","110.010298320647","pooledLat"
"xx","1.55945315225091","0.16466604642161","1.04579052551548","114.405861467384","pooledLat"
"xx","1.34969835566726","0.270322783049331","0.933511742003378","117.315336115514","pooledLat"
"xx","1.70109017564692","0.247401405483202","0.762807163160207","110.932481749402","pooledLat"
"xx","1.56932449654898","0.160762593299572","0.894843112751909","110.525652779976","pooledLat"
"xx","1.5343536662621","0.160116542008087","0.771463685195949","110.32454415891","pooledLat"
"xx","1.87627014838882","0.401309535024623","0.903945427813381","116.756137203273","pooledLat"
"xx","1.39376836139155","0.172339918701607","0.902768453997737","112.458321959614","pooledLat"
"xx","1.4714430431001","0.188786830207234","0.905220945927791","111.391877003956","pooledLat"
"xx","1.36710196543397","0.172139524380433","0.673867569522273","118.143664688071","pooledLat"
"xx","1.38306234870251","0.162840739923216","0.792112007754249","112.461028207037","pooledLat"
"xx","1.44017593319072","0.148154041035731","0.894196821415654","111.394038702985","pooledLat"
"xx","1.29151455805484","0.137866960401635","1.09214127413704","118.640036752832","pooledLat"
"xx","1.77957962411294","0.25834361382833","0.809569393086274","111.386367122986","pooledLat"
"xx","1.65467149693157","0.192938486974571","0.670006472463005","114.177582868111","pooledLat"
"xx","1.67804815563562","0.170879976825741","0.843848474006803","110.510382545965","pooledLat"
"xx","1.86087718120415","0.237853928288576","0.820569951780549","113.231428986661","pooledLat"
"xx","1.68198355942764","0.222911633190348","0.889072140812004","110.577947179747","pooledLat"
"xx","1.59792791432521","0.232871742093496","0.8866960579671","110.562211537921","pooledLat"
"xx","1.38968272840701","0.139743193437197","0.781241657708251","112.257271775843","pooledLat"
"xx","1.82983811797761","0.291866081391616","0.877293728963515","112.59360610297","pooledLat"
"xx","1.5595136263659","0.140977633706506","0.879996446121637","110.556139721822","pooledLat"
"xx","1.59879154165608","0.136224310874985","0.795440431427114","110.576691607919","pooledLat"
"xx","1.6833336413267","0.13789737907634","0.830485839020468","111.469867476999","pooledLat"
"xx","1.77652369843032","0.228958918712173","0.936874411952173","112.413580776128","pooledLat"
"xx","1.72458991633198","0.198708748077151","0.705292644148515","113.243492954751","pooledLat"
"xx","1.71684664880722","0.237921686407232","0.792631212284506","110.556271968146","pooledLat"
"xx","1.80655940156335","0.188645519270778","0.982541680935133","114.467989078075","pooledLat"
"xx","1.72730195000892","0.272481331505879","0.819868440199216","110.926213708221","pooledLat"
"xx","1.66565449909546","0.203691911839969","0.773197349879257","110.275873646851","pooledLat"
"xx","1.4935952573098","0.210017864766125","0.775544359534949","111.140468495913","pooledLat"
"xx","1.60767968561376","0.171541916843351","0.937040937679984","111.314338857688","pooledLat"
"xx","1.62358051334787","0.179290615056844","0.795802570659565","109.920492526834","pooledLat"
"xx","1.49361160679042","0.164870905520331","0.844781169032929","110.300616891564","pooledLat"
"xx","1.44228656461679","0.14762720328636","0.950300855414234","112.406136577993","pooledLat"
"xx","1.69746357032068","0.35078552589398","0.831476853897622","113.929001152319","pooledLat"
"xx","1.54547506569176","0.130770031068297","0.685774978135994","113.833574055865","pooledLat"
"xx","1.57753500421981","0.136168607169491","0.72782497613699","111.845599401271","pooledLat"
"xx","1.82504779528506","0.241969531686365","0.871479608465752","112.286231407718","pooledLat"
"xx","1.75548110520298","0.186973469420375","1.00489233533787","114.201323732074","pooledLat"
"xx","1.55098835039202","0.143454375235046","0.754166415434689","110.837454403779","pooledLat"
"xx","1.47507122088529","0.160963143222335","0.816546276409535","110.459553842627","pooledLat"
"xx","1.57615250623037","0.133094473884883","0.718591423354608","112.277488977613","pooledLat"
"xx","1.43315915009363","0.15892291456121","1.17576550322169","119.764099941633","pooledLat"
"xx","1.30106826541469","0.162219278259168","0.856558985351493","114.425602525826","pooledLat"
"xx","1.50772146345309","0.243658526691762","0.791343552563912","111.679330745081","pooledLat"
"xx","1.62138744524926","0.174979296535109","0.814398153810599","109.876705291938","pooledLat"
"xx","1.7727286932161","0.18325020115668","0.944268898757302","113.08932038795","pooledLat"
"xx","1.38730608864337","0.198548924008086","1.08246519752395","117.388108890366","pooledLat"
"xx","1.77660507577098","0.129581560546673","0.820829634864676","114.216289198627","pooledLat"
"xx","1.34848386754061","0.238343108052094","0.888526160354086","115.500753690392","pooledLat"
"xx","1.59180164907061","0.186054942743651","0.80786677514344","109.732937870131","pooledLat"
"xx","1.5402910053744","0.216479245288436","0.828658493735656","110.240084258076","pooledLat"
"xx","1.52819633251676","0.313011087455626","0.803521254311239","114.660353020225","pooledLat"
"xx","1.42556947187216","0.145180394525637","0.801736837148171","111.271108880164","pooledLat"
"xx","1.68701413479113","0.22111381941817","0.767425226933685","110.533326517627","pooledLat"
"xx","1.62952880258413","0.171074972278584","0.870653105869526","110.268521523939","pooledLat"
"xx","1.67029173523852","0.223626876942963","0.868769079776658","110.252619343444","pooledLat"
"xx","1.65904241157136","0.187197775941927","0.863071000745226","110.21822177406","pooledLat"
"xx","1.65400523806903","0.194648254745131","0.808916236527743","109.920081420222","pooledLat"
"xx","1.47550519093473","0.138962530744703","0.79186204025211","110.693076419369","pooledLat"
"xx","1.8706631561875","0.316809595618818","0.709173152603708","117.200984561053","pooledLat"
"xx","1.3877188654483","0.260359209347356","0.779965978224615","116.405334069743","pooledLat"
"xx","1.79687360676537","0.191711741068223","0.845899217995511","112.304391036218","pooledLat"
"xx","1.63960034970522","0.148480809862279","0.763023494446824","111.110404151112","pooledLat"
"xx","1.77241000261187","0.191176661765508","1.02895335461739","115.076237044987","pooledLat"
"xx","1.59563986861421","0.208515973735599","0.971132395364181","112.097937032588","pooledLat"
"xx","1.7327990937449","0.246661076619997","0.815329373922036","110.64262708303","pooledLat"
"xx","1.68767060553568","0.252282828697408","0.712769969815038","112.461166433516","pooledLat"
"xx","1.78589907041174","0.270565777642184","0.737940737988264","113.008435344998","pooledLat"
"xx","1.45592784032734","0.130012033178513","0.830706742051301","110.806478337111","pooledLat"
"xx","1.90821058111514","0.417118528757321","0.846126490962318","118.142450000723","pooledLat"
"xx","1.49712486244134","0.130096426359826","0.772902358775072","110.887029930327","pooledLat"
"xx","1.55848663849416","0.132213456041176","0.711172592775488","112.529159081828","pooledLat"
"xx","1.64533748013197","0.143737293198914","0.77218472583847","111.163877851288","pooledLat"
"xx","1.6117783941464","0.229992512268595","0.834106059703947","109.988409513294","pooledLat"
"xx","1.59654254252673","0.19567877941013","0.811178846142608","109.718051876089","pooledLat"
"xx","1.49994325874433","0.138132115444412","0.958896392420685","112.204951045107","pooledLat"
"xx","1.50755491192162","0.164554590064974","0.890481881253485","110.652630437533","pooledLat"
"xx","1.80916480231585","0.330943862017731","0.838167788219058","113.141162981838","pooledLat"
"xx","1.37856961880541","0.165565801327006","0.781688314462207","112.801596521679","pooledLat"
"xx","1.5126465451711","0.183979997404002","0.733781552190425","111.388190088991","pooledLat"
"xx","1.49584248796956","0.135450091261404","0.713419008756594","112.510209063544","pooledLat"
"xx","1.82158481173534","0.152242226366462","0.97759204507913","115.673578384256","pooledLat"
"xx","1.89411303684115","0.284215483132637","0.918738008640988","114.188144166903","pooledLat"
"xx","1.43532010116393","0.148782702668996","0.860476336051794","111.101030362929","pooledLat"
"xx","1.58017943626125","0.20728447931854","0.671018705263408","113.94872670819","pooledLat"
"xx","1.68445941535651","0.22850043934469","0.903356893349202","110.838270161058","pooledLat"
"xx","1.31925971645116","0.154409749803402","0.719210286988777","116.774314902074","pooledLat"
"xx","1.53978992810151","0.188343321785265","0.777411307159265","110.182203244449","pooledLat"
"xx","1.61188095649645","0.171520200788772","0.834625022809172","109.891568231289","pooledLat"
"xx","1.51033941005834","0.19485556074839","0.904017195842361","110.982695366807","pooledLat"
