"stk","yr","marCatch","frfnCatch","totalCatch","totalRun"
1,1952,0.148777,0.006507,0.155284,0.185496
1,1953,0.866724,0.027418,0.894142,1.048178
1,1954,0.198093,0.008673,0.206766,0.241816
1,1955,0.13797,0.001355,0.139325,0.15897
1,1956,0.065136,0.003073,0.068209,0.093229
1,1957,0.289469,0.023952,0.313421,0.548271
1,1958,0.114393,0.004467,0.11886,0.157667
1,1959,0.023336,0.000519,0.023855,0.026525
1,1960,0.063432,0.004128,0.06756,0.102667
1,1961,0.996024,0.030177,1.026201,1.225122
1,1962,0.075185,0.006631,0.081816,0.108532
1,1963,0.008646,0.001669,0.010315,0.014922
1,1964,0.033303,0.010769,0.044072,0.076078
1,1965,0.225473,0.007807,0.23328,0.256325
1,1966,0.055621,0.004299,0.05992,0.07075
1,1967,0.074337,0.00314,0.077477,0.098521
1,1968,0.013715,0.012528,0.026243,0.027765
1,1969,0.268776,0.052742,0.321518,0.431173
1,1970,0.027397,0.02278,0.050177,0.084566
1,1971,0.180541,0.049661,0.230202,0.326142
1,1972,0.011963,0.00692,0.018883,0.02354
1,1973,1.01577,0.050519,1.066289,1.366181
1,1974,0.102737,0.044666,0.147403,0.186921
1,1975,0.288427,0.057026,0.345453,0.426202
1,1976,0.011622,0.016213,0.027835,0.039596
1,1977,1.131897,0.093114,1.225011,1.342456
1,1978,0.036769,0.059502,0.096271,0.146275
1,1979,0.061075,0.068881,0.129956,0.222702
1,1980,0.007124,0.007665,0.014789,0.031728
1,1981,0.486469,0.139575,0.626044,0.755501
1,1982,0.019885,0.047361,0.067246,0.080125
1,1983,0.012278,0.054843,0.067121,0.090988
1,1984,0.001555,0.009289,0.010844,0.056045
1,1985,0.044883,0.077428,0.122311,0.35683
1,1986,0.003162,0.013854,0.017016,0.0456
1,1987,0.007188,0.022385,0.029573,0.177767
1,1988,0.013365,0.028403,0.041768,0.221575
1,1989,0.627746,0.199254,0.827,1.211799
1,1990,0.005746,0.052084,0.05783,0.154865
1,1991,0.18294,0.188394,0.371334,0.512453
1,1992,0.00678,0.164529,0.171309,0.350407
1,1993,0.208617,0.255059,0.463676,1.151643
1,1994,0.00616,0.040254,0.046414,0.204245
1,1995,0.009246,0.006209,0.015455,0.138165
1,1996,0.005405,0.002576,0.007981,0.09555
1,1997,0.366773,0.404934,0.771707,1.671735
1,1998,0.005993,0.015027,0.02102,0.189759
1,1999,0.00447,0.022334,0.026804,0.171629
1,2000,0.01145,0.214508,0.225958,0.378192
1,2001,0.004942,0.038338,0.04328,0.214186
1,2002,0.001277,0.00444,0.005717,0.062663
1,2003,0.000692,0.000469,0.001161,0.030275
1,2004,0.004922,0.035483,0.040756,0.1371
1,2005,0.003716,0.01777,0.021495,0.219696
1,2006,0.001707,0.005919,0.007626,0.055782
1,2007,6.7e-05,0.000904,0.000971,0.012729
1,2008,0.000446,0.003692,0.004139,0.034006
1,2009,0.002287,0.006995,0.009297,0.081197
1,2010,0.003378,0.002827,0.006235,0.10498
1,2011,0.000315,0.001856,0.002179,0.021104
1,2012,0.001813,0.007205,0.009076,0.183942
1,2013,0.002123,0.009432,0.011555,0.182119
1,2014,0.002984,0.022912,0.025898,0.221926
1,2015,0.000241,0.000577,0.000818,0.028738
2,1952,0.000265,2.7e-05,0.000292,0.000327
2,1953,1.13372,0.0242,1.15792,1.526554
2,1954,0.030634,0.000782,0.031416,0.036886
2,1955,0.048511,0.002411,0.050922,0.058504
2,1956,0.00967,0.001,0.01067,0.011583
2,1957,0.994449,0.022544,1.016993,1.548101
2,1958,0.111577,0.003252,0.114829,0.138448
2,1959,0.044212,0.000463,0.044675,0.0529
2,1960,0.011824,0.000372,0.012196,0.014592
2,1961,0.903964,0.044873,0.948837,1.359724
2,1962,0.031552,0.004765,0.036317,0.05496
2,1963,0.00342,0.000411,0.003831,0.007053
2,1964,0.005605,0.000675,0.00628,0.007891
2,1965,0.525528,0.032846,0.558374,0.773317
2,1966,0.040766,0.001264,0.04203,0.051057
2,1967,0.011904,0.000295,0.012199,0.013828
2,1968,0.001412,0.000118,0.00153,0.001919
2,1969,0.858782,0.037887,0.896669,1.103683
2,1970,0.076071,0.002748,0.078819,0.093797
2,1971,0.006138,0.000472,0.00661,0.008145
2,1972,0.026252,0.003838,0.03009,0.037431
2,1973,1.359027,0.033541,1.392568,1.606798
2,1974,0.068143,0.008075,0.076218,0.090408
2,1975,0.044446,0.006852,0.051298,0.065527
2,1976,0.011772,0.00151,0.013282,0.01618
2,1977,0.493646,0.02064,0.514286,0.660745
2,1978,0.03943,0.004075,0.043505,0.056243
2,1979,0.175707,0.007739,0.183446,0.215364
2,1980,0.002292,0.00055,0.002842,0.003817
2,1981,0.998031,0.066336,1.064367,1.313861
2,1982,0.083558,0.013279,0.096837,0.113595
2,1983,0.011289,0.002247,0.013536,0.015782
2,1984,0.018788,0.001424,0.020212,0.02144
2,1985,1.646598,0.056792,1.70339,1.978011
2,1986,0.068937,0.010336,0.079273,0.107988
2,1987,0.010509,0.005913,0.016422,0.022894
2,1988,0.00782,0.003335,0.011155,0.018272
2,1989,2.693453,0.097937,2.79139,3.367087
2,1990,0.635151,0.033684,0.668835,0.857914
2,1991,0.279962,0.01828,0.298242,0.375102
2,1992,0.225382,0.012445,0.237827,0.302388
2,1993,3.550632,0.255365,3.805997,5.162734
2,1994,0.31072,0.0376,0.34832,0.516819
2,1995,0.035938,0.029871,0.065809,0.100171
2,1996,0.049252,0.034514,0.083766,0.146757
2,1997,2.18488,0.163042,2.347922,3.255574
2,1998,0.129546,0.065179,0.194725,0.61904
2,1999,0.006604,0.017975,0.024579,0.100142
2,2000,0.279265,0.112479,0.394979,0.849376
2,2001,0.132267,0.076015,0.21259,0.564105
2,2002,0.09842,0.053646,0.1544,0.34349
2,2003,0.05355,0.023521,0.079885,0.130081
2,2004,0.392392,0.152058,0.557563,0.884766
2,2005,0.074931,0.089261,0.165682,0.458842
2,2006,0.100851,0.024268,0.12836,0.205523
2,2007,0.003665,0.008294,0.011959,0.020446
2,2008,0.017842,0.099087,0.123132,0.269701
2,2009,0.005092,0.009695,0.014915,0.12362
2,2010,0.057439,0.018685,0.077615,0.184386
2,2011,0.002589,0.002619,0.005369,0.01046
2,2012,0.023493,0.058784,0.082523,0.192074
2,2013,0.024294,0.025145,0.049439,0.225124
2,2014,0.078773,0.01416,0.095325,0.148684
2,2015,0.005393,0.002528,0.007922,0.038679
3,1952,0.146081,0.006766,0.152847,0.193231
3,1953,0.148552,0.004718,0.15327,0.195404
3,1954,0.750792,0.017458,0.76825,0.910109
3,1955,0.319928,0.013101,0.333029,0.384768
3,1956,0.150248,0.00659,0.156838,0.195276
3,1957,0.130008,0.004356,0.134364,0.172886
3,1958,1.036129,0.009562,1.045691,1.158228
3,1959,0.583013,0.008142,0.591155,0.67046
3,1960,0.200196,0.008415,0.208611,0.247491
3,1961,0.115201,0.008014,0.123215,0.170078
3,1962,0.187536,0.019068,0.206604,0.331089
3,1963,0.3704,0.021939,0.392339,0.531133
3,1964,0.120624,0.014529,0.135153,0.169825
3,1965,0.110285,0.008531,0.118816,0.158201
3,1966,0.463736,0.016832,0.480568,0.582097
3,1967,0.624281,0.015102,0.639383,0.730863
3,1968,0.139305,0.014463,0.153768,0.184136
3,1969,0.178441,0.010417,0.188858,0.238069
3,1970,0.287441,0.01545,0.302891,0.348688
3,1971,0.504834,0.010118,0.514952,0.554643
3,1972,0.098588,0.008962,0.10755,0.14425
3,1973,0.200844,0.008318,0.209162,0.239566
3,1974,0.188013,0.016903,0.204916,0.246193
3,1975,0.289961,0.046987,0.336948,0.512889
3,1976,0.517482,0.04301,0.560492,0.711226
3,1977,0.090223,0.007177,0.0974,0.120597
3,1978,0.209108,0.023824,0.232932,0.29183
3,1979,1.511504,0.050697,1.562201,1.852243
3,1980,0.178172,0.031759,0.209931,0.284265
3,1981,0.199625,0.015193,0.214818,0.236644
3,1982,0.329206,0.046367,0.375573,0.444993
3,1983,0.347678,0.057409,0.405087,0.526779
3,1984,0.577726,0.042417,0.620143,0.6811
3,1985,0.390953,0.020339,0.411292,0.453391
3,1986,0.228948,0.054978,0.283926,0.361103
3,1987,0.841811,0.091352,0.933163,1.144248
3,1988,0.387135,0.148325,0.53546,0.903196
3,1989,0.303412,0.017498,0.32091,0.364089
3,1990,0.349377,0.032897,0.382274,0.476394
3,1991,0.354331,0.024323,0.378654,0.474568
3,1992,0.477318,0.036426,0.513744,0.648419
3,1993,0.439018,0.022237,0.461255,0.552326
3,1994,0.579344,0.067741,0.647085,0.956074
3,1995,0.150771,0.12318,0.273951,0.415564
3,1996,0.25796,0.180541,0.438501,0.771664
3,1997,0.135525,0.011083,0.146608,0.201951
3,1998,0.174835,0.086747,0.261582,0.835082
3,1999,0.014268,0.035329,0.049597,0.216696
3,2000,0.227513,0.089434,0.319583,0.692039
3,2001,0.057444,0.033388,0.092703,0.244993
3,2002,0.160765,0.06586,0.236951,0.561079
3,2003,0.114366,0.050233,0.170607,0.27781
3,2004,0.329347,0.095758,0.434346,0.678057
3,2005,0.044664,0.052252,0.097809,0.273499
3,2006,0.122791,0.045945,0.174578,0.312218
3,2007,0.003587,0.013778,0.017365,0.058972
3,2008,0.018855,0.04586,0.067653,0.228576
3,2009,0.001627,0.003098,0.004767,0.039508
3,2010,0.123558,0.040193,0.166961,0.39664
3,2011,0.048303,0.048867,0.100173,0.195155
3,2012,0.034813,0.087111,0.122289,0.284633
3,2013,0.018048,0.01868,0.036728,0.167246
3,2014,0.789082,0.141838,0.954884,1.489386
3,2015,0.024032,0.011385,0.035418,0.172344
4,1952,0.059241,0.002335,0.061576,0.080221
4,1953,0.048474,0.000995,0.049469,0.062746
4,1954,0.053559,0.001291,0.05485,0.065365
4,1955,0.095081,0.002183,0.097264,0.113076
4,1956,0.029537,0.000461,0.029998,0.036992
4,1957,0.064268,0.000624,0.064892,0.076903
4,1958,0.052357,0.000748,0.053105,0.067948
4,1959,0.065114,0.001555,0.066669,0.095916
4,1960,0.023011,0.001244,0.024255,0.031875
4,1961,0.043728,0.000729,0.044457,0.051906
4,1962,0.011727,0.00089,0.012617,0.018903
4,1963,0.028399,0.003081,0.03148,0.056621
4,1964,0.013982,0.002196,0.016178,0.022678
4,1965,0.023981,0.000646,0.024627,0.027286
4,1966,0.017326,0.000339,0.017665,0.020135
4,1967,0.172027,0.00375,0.175777,0.207472
4,1968,0.027483,0.003637,0.03112,0.034731
4,1969,0.014534,0.000455,0.014989,0.018861
4,1970,0.019875,0.001045,0.02092,0.022225
4,1971,0.156563,0.01285,0.169413,0.19491
4,1972,0.041199,0.004569,0.045768,0.049906
4,1973,0.017727,0.000967,0.018694,0.023252
4,1974,0.012757,0.002427,0.015184,0.017034
4,1975,0.086366,0.008271,0.094637,0.124337
4,1976,0.01335,0.001606,0.014956,0.017206
4,1977,0.007819,0.000331,0.00815,0.01065
4,1978,0.012089,0.000596,0.012685,0.015826
4,1979,0.081399,0.007072,0.088471,0.123471
4,1980,0.004269,0.000865,0.005134,0.008028
4,1981,0.004462,0.000243,0.004705,0.005875
4,1982,0.034201,0.013576,0.047777,0.049424
4,1983,0.006105,0.003882,0.009987,0.016438
4,1984,0.037357,0.005615,0.042972,0.053435
4,1985,0.011689,0.002404,0.014093,0.020512
4,1986,0.000538,0.001221,0.001759,0.004883
4,1987,0.008905,0.018832,0.027737,0.038808
4,1988,0.018047,0.015827,0.033874,0.046654
4,1989,0.018444,0.00135,0.019794,0.022328
4,1990,0.008739,0.006691,0.01543,0.02329
4,1991,0.01005,0.003838,0.013888,0.018807
4,1992,0.003587,0.007777,0.011364,0.015958
4,1993,0.003602,0.001539,0.005141,0.006325
4,1994,0.003107,0.00621,0.009317,0.026743
4,1995,0.011318,0.012615,0.023933,0.05835
4,1996,0.001662,0.001869,0.003531,0.011707
4,1997,0.013257,0.00247,0.015727,0.019273
4,1998,0.000554,0.001406,0.00196,0.01025
4,1999,0.001221,0.005005,0.006226,0.029198
4,2000,0.003521,0.005993,0.009514,0.022954
4,2001,0.000619,0.000955,0.001574,0.007416
4,2002,0.003571,0.00262,0.006191,0.014961
4,2003,0.008662,0.003511,0.012735,0.025463
4,2004,0.009914,0.003741,0.013975,0.023894
4,2005,0.000665,0.000697,0.001392,0.005829
4,2006,0.002388,0.000948,0.003495,0.00957
4,2007,0.001089,0.000502,0.001591,0.004159
4,2008,0.000188,0.000959,0.001169,0.003045
4,2009,0.000209,0.000406,0.000619,0.004959
4,2010,0.002932,0.001419,0.004421,0.01531
4,2011,0.001157,0.003599,0.004828,0.01098
4,2012,1.5e-05,7e-05,8.5e-05,0.000254
4,2013,0.000138,0.000728,0.000866,0.005556
4,2014,0.003207,0.005984,0.009562,0.024825
4,2015,0.000411,0.001076,0.001488,0.008241
5,1952,0.050964,0.001091,0.052055,0.067672
5,1953,0.029038,0.00049,0.029528,0.037432
5,1954,0.032098,0.000341,0.032439,0.042427
5,1955,0.034253,0.001294,0.035547,0.040626
5,1956,0.047982,0.002157,0.050139,0.059176
5,1957,0.028023,0.000412,0.028435,0.035295
5,1958,0.030217,0.000372,0.030589,0.040803
5,1959,0.052729,0.000851,0.05358,0.06379
5,1960,0.018893,0.000947,0.01984,0.025353
5,1961,0.02035,0.001094,0.021444,0.028737
5,1962,0.016154,0.000835,0.016989,0.024602
5,1963,0.011178,0.001085,0.012263,0.020946
5,1964,0.011011,0.001725,0.012736,0.017913
5,1965,0.016248,0.001436,0.017684,0.024308
5,1966,0.032436,0.001042,0.033478,0.039722
5,1967,0.010507,0.000285,0.010792,0.012071
5,1968,0.028844,0.001473,0.030317,0.040992
5,1969,0.021019,0.000671,0.02169,0.027227
5,1970,0.01629,0.001417,0.017707,0.022169
5,1971,0.009858,0.000303,0.010161,0.010962
5,1972,0.08434,0.006895,0.091235,0.102283
5,1973,0.012792,0.000184,0.012976,0.01569
5,1974,0.008847,0.00078,0.009627,0.01201
5,1975,0.006862,0.000601,0.007463,0.010072
5,1976,0.048521,0.001972,0.050493,0.059731
5,1977,0.001675,8.6e-05,0.001761,0.002378
5,1978,0.016297,0.000473,0.01677,0.019263
5,1979,0.003969,0.000363,0.004332,0.006108
5,1980,0.013207,0.000991,0.014198,0.019616
5,1981,0.003127,0.000117,0.003244,0.004059
5,1982,0.011121,0.000964,0.012085,0.015077
5,1983,0.005623,0.000411,0.006034,0.008814
5,1984,0.026673,0.00362,0.030293,0.049379
5,1985,0.006895,0.000617,0.007512,0.01115
5,1986,0.000831,0.000828,0.001659,0.003754
5,1987,0.001828,0.000853,0.002681,0.004117
5,1988,0.013574,0.001974,0.015548,0.035399
5,1989,0.01412,0.0011,0.01522,0.016867
5,1990,0.003011,0.000964,0.003975,0.004605
5,1991,0.000786,0.000259,0.001045,0.001509
5,1992,0.007301,0.022598,0.029899,0.044203
5,1993,0.010271,0.000431,0.010702,0.015749
5,1994,0.000683,0.00061,0.001293,0.005856
5,1995,0.000332,0.000395,0.000727,0.001771
5,1996,0.009344,0.009938,0.019282,0.065874
5,1997,0.01679,0.003129,0.019919,0.024409
5,1998,0.000849,0.002128,0.002977,0.015531
5,1999,0.002145,0.007795,0.00994,0.047468
5,2000,0.014255,0.013117,0.027507,0.093799
5,2001,0.002125,0.012788,0.015807,0.048667
5,2002,0.006376,0.004612,0.011816,0.030185
5,2003,0.012841,0.005206,0.018881,0.037751
5,2004,0.059299,0.022244,0.083458,0.14292
5,2005,0.009966,0.009911,0.02033,0.087312
5,2006,0.009334,0.003705,0.01366,0.037398
5,2007,0.006609,0.001884,0.008492,0.025246
5,2008,0.003961,0.010586,0.014885,0.046703
5,2009,0.000855,0.000408,0.001285,0.015615
5,2010,0.003357,0.00083,0.004308,0.01006
5,2011,0.002711,0.002481,0.005632,0.0159
5,2012,0.002714,0.004867,0.007602,0.01937
5,2013,0.002123,0.001205,0.003327,0.023787
5,2014,0.028674,0.003956,0.033395,0.053487
5,2015,0.002882,0.000844,0.003728,0.023795
6,1952,0.000848,1e-04,0.000948,0.001132
6,1953,0.346132,0.00618,0.352312,0.463229
6,1954,0.001672,4.3e-05,0.001715,0.002014
6,1955,0.000338,1.2e-05,0.00035,0.000413
6,1956,0.00046,2.1e-05,0.000481,0.000562
6,1957,0.372112,0.008344,0.380456,0.604123
6,1958,0.008793,0.000256,0.009049,0.010912
6,1959,0.000115,0,0.000115,0.00018
6,1960,0.002154,8.9e-05,0.002243,0.002535
6,1961,0.659087,0.027928,0.687015,0.98958
6,1962,0.002331,0.000127,0.002458,0.003531
6,1963,9.1e-05,1.4e-05,0.000105,0.000188
6,1964,0.000997,0.00012,0.001117,0.001469
6,1965,0.782102,0.048999,0.831101,1.195807
6,1966,0.005892,0.000214,0.006106,0.007859
6,1967,0.000824,1.3e-05,0.000837,0.000956
6,1968,0.002058,5.5e-05,0.002113,0.002812
6,1969,1.334425,0.038721,1.373146,1.652107
6,1970,0.006355,0.000219,0.006574,0.007942
6,1971,0.001906,6.9e-05,0.001975,0.002146
6,1972,0.000346,4e-05,0.000386,0.000497
6,1973,1.316118,0.032403,1.348521,1.626582
6,1974,0.020745,0.002903,0.023648,0.028107
6,1975,0.000507,4.7e-05,0.000554,0.000747
6,1976,0.001007,7.1e-05,0.001078,0.001383
6,1977,1.737667,0.072997,1.810664,2.326863
6,1978,0.022753,0.001867,0.02462,0.033234
6,1979,0.002968,8.5e-05,0.003053,0.003564
6,1980,0.000736,0.00018,0.000916,0.001233
6,1981,2.89395,0.168215,3.062165,3.814486
6,1982,0.18221,0.023312,0.205522,0.245363
6,1983,0.009398,0.001059,0.010457,0.012612
6,1984,0.005053,0.000387,0.00544,0.006354
6,1985,7.986574,0.218018,8.204592,9.553855
6,1986,0.47113,0.059665,0.530795,0.712262
6,1987,0.060707,0.006575,0.067282,0.087828
6,1988,0.009546,0.002381,0.011927,0.018759
6,1989,10.079195,0.211261,10.290456,12.161366
6,1990,2.091348,0.136898,2.228246,2.716505
6,1991,0.231956,0.010331,0.242287,0.288546
6,1992,0.06309,0.003484,0.066574,0.085608
6,1993,7.520642,0.198348,7.71899,10.339444
6,1994,2.138329,0.268449,2.406778,3.236274
6,1995,0.133897,0.086743,0.22064,0.434743
6,1996,0.027136,0.012123,0.039259,0.080446
6,1997,4.295701,0.291681,4.587382,6.446034
6,1998,0.709984,0.265881,0.975865,2.666552
6,1999,0.022634,0.029946,0.05258,0.332449
6,2000,0.038728,0.014842,0.054018,0.117721
6,2001,0.503734,0.346845,0.870756,4.381545
6,2002,1.280717,0.402581,1.737996,4.800147
6,2003,0.31645,0.111813,0.442852,0.853991
6,2004,0.087665,0.050227,0.142373,0.271721
6,2005,0.565058,0.29233,0.885687,3.592122
6,2006,0.283197,0.071415,0.365086,0.719053
6,2007,0.020314,0.023712,0.044025,0.119125
6,2008,0.006109,0.018602,0.025306,0.067475
6,2009,0.013367,0.003712,0.01731,0.204103
6,2010,0.27004,0.05262,0.330115,0.611772
6,2011,0.027876,0.0265,0.057671,0.12149
6,2012,0.000195,0.000482,0.000679,0.00139
6,2013,0.023926,0.009333,0.033259,0.303431
6,2014,1.207348,0.187207,1.434343,2.416932
6,2015,0.009783,0.001839,0.011624,0.06713
7,1952,1.182185,0.051058,1.233243,1.718828
7,1953,0.606592,0.01885,0.625442,0.826133
7,1954,0.198089,0.008901,0.20699,0.241286
7,1955,0.519702,0.02562,0.545322,0.666489
7,1956,1.1753,0.036601,1.211901,1.858807
7,1957,0.435443,0.019082,0.454525,0.592989
7,1958,0.601147,0.011981,0.613128,0.733391
7,1959,0.976028,0.032962,1.00899,1.47205
7,1960,1.966814,0.060248,2.027062,2.453608
7,1961,0.11253,0.007567,0.120097,0.159198
7,1962,0.200166,0.021168,0.221334,0.299047
7,1963,1.110028,0.116432,1.22646,2.224691
7,1964,0.646823,0.095835,0.742658,1.07099
7,1965,0.099786,0.005533,0.105319,0.140654
7,1966,0.736381,0.030684,0.767065,0.976684
7,1967,0.928701,0.023723,0.952424,1.127139
7,1968,1.379905,0.076223,1.456128,1.86999
7,1969,0.275949,0.005112,0.281061,0.351963
7,1970,0.576986,0.048915,0.625901,0.761289
7,1971,1.850984,0.041948,1.892932,2.050125
7,1972,1.744349,0.07784,1.822189,2.384839
7,1973,0.378922,0.012863,0.391785,0.44746
7,1974,0.502776,0.046357,0.549133,0.659159
7,1975,0.454693,0.083141,0.537834,0.782465
7,1976,1.468401,0.135255,1.603656,1.988046
7,1977,0.251062,0.016307,0.267369,0.318699
7,1978,0.481761,0.04711,0.528871,0.675713
7,1979,1.101067,0.071962,1.173029,1.43142
7,1980,1.113208,0.103687,1.216895,1.732131
7,1981,0.177807,0.013497,0.191304,0.225844
7,1982,0.818952,0.105831,0.924783,1.174361
7,1983,1.139048,0.181124,1.320172,1.703005
7,1984,3.174455,0.254587,3.429042,4.009221
7,1985,0.598589,0.024035,0.622624,0.694599
7,1986,0.937137,0.150736,1.087873,1.381677
7,1987,1.333683,0.151876,1.485559,1.906574
7,1988,0.344573,0.141457,0.48603,0.849419
7,1989,0.443147,0.02069,0.463837,0.527218
7,1990,3.562875,0.23357,3.796445,4.622282
7,1991,3.107286,0.222488,3.329774,4.367511
7,1992,2.519935,0.186766,2.706701,3.357669
7,1993,2.6714,0.104692,2.776092,3.331318
7,1994,1.676931,0.267496,1.944427,2.503023
7,1995,0.467173,0.313969,0.781142,1.315701
7,1996,0.718302,0.331677,1.049979,2.024328
7,1997,2.316623,0.166911,2.483534,3.469361
7,1998,0.504859,0.148338,0.653197,1.896532
7,1999,0.086432,0.067666,0.154098,1.122569
7,2000,0.518954,0.114232,0.640695,1.399636
7,2001,0.097973,0.0815,0.183397,0.85218
7,2002,0.172475,0.083784,0.263625,0.646439
7,2003,0.566232,0.256091,0.850133,1.558512
7,2004,0.245012,0.089555,0.342192,0.546611
7,2005,0.198069,0.140963,0.347912,1.070994
7,2006,0.495461,0.172989,0.691172,1.275251
7,2007,0.060875,0.070496,0.131371,0.437224
7,2008,0.047533,0.129458,0.180728,0.445319
7,2009,0.011333,0.024574,0.03619,0.302914
7,2010,1.347115,0.407029,1.796432,4.560416
7,2011,0.33723,0.303897,0.670349,1.688841
7,2012,0.077182,0.184084,0.261884,0.550839
7,2013,0.137158,0.156913,0.294071,1.703168
7,2014,1.263727,0.269798,1.577339,2.656904
7,2015,0.114127,0.096362,0.210502,1.000066
8,1952,0.022495,0.0012,0.023695,0.029658
8,1953,0.019536,0.000389,0.019925,0.025617
8,1954,0.144031,0.000631,0.144662,0.169436
8,1955,0.057194,0.001799,0.058993,0.067964
8,1956,0.008918,0.000602,0.00952,0.01201
8,1957,0.033479,0.000521,0.034,0.04487
8,1958,0.349138,0.001449,0.350587,0.428958
8,1959,0.261903,0.003244,0.265147,0.317457
8,1960,0.008423,0.000502,0.008925,0.011826
8,1961,0.00919,0.000913,0.010103,0.013725
8,1962,0.139866,0.003036,0.142902,0.200738
8,1963,0.096266,0.007782,0.104048,0.175702
8,1964,0.005532,0.000788,0.00632,0.009065
8,1965,0.018201,0.001448,0.019649,0.025738
8,1966,0.146235,0.001926,0.148161,0.176859
8,1967,0.101972,0.000761,0.102733,0.116094
8,1968,0.015612,0.000305,0.015917,0.019668
8,1969,0.027686,0.000349,0.028035,0.035211
8,1970,0.122766,0.002624,0.12539,0.139745
8,1971,0.19719,0.00194,0.19913,0.218158
8,1972,0.021221,0.001992,0.023213,0.026015
8,1973,0.011878,0.00018,0.012058,0.014762
8,1974,0.171617,0.007433,0.17905,0.223638
8,1975,0.091606,0.005782,0.097388,0.134229
8,1976,0.048487,0.001532,0.050019,0.058399
8,1977,0.017898,0.000774,0.018672,0.024381
8,1978,0.172649,0.011919,0.184568,0.247376
8,1979,0.11574,0.009966,0.125706,0.175012
8,1980,0.012587,0.001304,0.013891,0.0222
8,1981,0.041013,0.001654,0.042667,0.054026
8,1982,0.195927,0.013089,0.209016,0.272287
8,1983,0.061405,0.006742,0.068147,0.097978
8,1984,0.06712,0.003099,0.070219,0.087391
8,1985,0.027267,0.001091,0.028358,0.033978
8,1986,0.336248,0.034436,0.370684,0.49685
8,1987,0.155078,0.034363,0.189441,0.274635
8,1988,0.022833,0.004349,0.027182,0.044039
8,1989,0.025641,0.00097,0.026611,0.032118
8,1990,0.492031,0.058868,0.550899,0.82294
8,1991,0.279275,0.019896,0.299171,0.427424
8,1992,0.008446,0.016306,0.024752,0.034832
8,1993,0.00963,0.000872,0.010502,0.020616
8,1994,0.148676,0.027119,0.175795,0.272278
8,1995,0.019696,0.016736,0.036432,0.080305
8,1996,0.000783,0.004498,0.005281,0.026382
8,1997,0.006211,0.001157,0.007368,0.00903
8,1998,0.050714,0.01812,0.068834,0.17235
8,1999,0.002801,0.011483,0.014284,0.066984
8,2000,0.005272,0.004851,0.010173,0.034691
8,2001,0.000672,0.000828,0.001531,0.008423
8,2002,0.071633,0.023404,0.099069,0.210538
8,2003,0.054433,0.013096,0.069629,0.109587
8,2004,0.036261,0.015267,0.052916,0.086533
8,2005,0.001628,0.0031,0.00476,0.015947
8,2006,0.173108,0.052588,0.235899,0.504071
8,2007,0.004575,0.00216,0.006735,0.020514
8,2008,0.000912,0.001712,0.002739,0.007733
8,2009,0.000322,0.000277,0.000608,0.008251
8,2010,0.326127,0.109995,0.450132,1.070524
8,2011,0.006801,0.011605,0.018949,0.040331
8,2012,0.000206,0.00121,0.001423,0.00239
8,2013,0.004027,0.004933,0.00896,0.04372
8,2014,0.096775,0.033231,0.136107,0.294682
8,2015,0.003465,0.001446,0.004911,0.021532
9,1952,0.015608,0.001373,0.016981,0.024298
9,1953,0.025691,0.000293,0.025984,0.029456
9,1954,7.241737,0.049669,7.291406,9.31816
9,1955,0.486786,0.011929,0.498715,0.562574
9,1956,0.011871,0.001641,0.013512,0.016833
9,1957,0.02882,7.3e-05,0.028893,0.031702
9,1958,11.738603,0.04216,11.780763,15.098012
9,1959,0.765434,0.008338,0.773772,0.908606
9,1960,0.005443,0.000748,0.006191,0.008098
9,1961,0.002033,0.000351,0.002384,0.003534
9,1962,0.873972,0.060001,0.933973,2.078542
9,1963,0.210982,0.016991,0.227973,0.386328
9,1964,0.001658,0.000193,0.001851,0.002455
9,1965,0.004858,0.000373,0.005231,0.007318
9,1966,1.377425,0.085925,1.46335,2.74553
9,1967,2.249082,0.048106,2.297188,3.142142
9,1968,0.01817,0.000251,0.018421,0.022092
9,1969,0.023146,0.000212,0.023358,0.029343
9,1970,2.363472,0.037775,2.401247,3.930109
9,1971,2.841519,0.014046,2.855565,3.145757
9,1972,0.024802,0.001681,0.026483,0.030675
9,1973,0.024579,0.000683,0.025262,0.02907
9,1974,4.18759,0.049943,4.237533,5.388305
9,1975,0.529965,0.015001,0.544966,0.712331
9,1976,0.032828,0.001081,0.033909,0.038689
9,1977,0.052264,0.000945,0.053209,0.065679
9,1978,4.908286,0.056669,4.964955,6.852397
9,1979,0.833099,0.013835,0.846934,1.146337
9,1980,0.009467,0.002006,0.011473,0.014127
9,1981,0.082179,0.001096,0.083275,0.093568
9,1982,5.793576,0.123126,5.916702,8.780057
9,1983,1.430078,0.012837,1.442915,1.65428
9,1984,0.032224,0.001849,0.034073,0.038407
9,1985,0.008281,9.7e-05,0.008378,0.00991
9,1986,6.692329,0.156338,6.848667,9.20191
9,1987,1.448719,0.059841,1.50856,2.125885
9,1988,0.041317,0.002659,0.043976,0.048983
9,1989,0.003771,0.000204,0.003975,0.004718
9,1990,6.530497,0.17298,6.703477,10.303837
9,1991,2.752088,0.047561,2.799649,4.042107
9,1992,0.060104,0.000191,0.060295,0.073217
9,1993,0.014719,0.000313,0.015032,0.016364
9,1994,5.876876,0.111618,5.988494,7.305624
9,1995,0.400267,0.123,0.523267,0.933969
9,1996,0.013174,0.004438,0.017611,0.031189
9,1997,0.017506,0.000127,0.017679,0.019685
9,1998,0.368286,0.053706,0.422591,2.56971
9,1999,0.08703,0.008693,0.097055,0.770718
9,2000,0.026298,0.006441,0.033603,0.051937
9,2001,0.01978,0.001877,0.021678,0.103259
9,2002,1.015367,0.193056,1.242511,7.039972
9,2003,0.216138,0.052455,0.274315,0.674341
9,2004,0.006338,0.005578,0.012205,0.026292
9,2005,0.003897,0.007785,0.011942,0.033055
9,2006,2.523694,0.322089,2.903462,7.415668
9,2007,0.02128,0.013242,0.034521,0.172328
9,2008,0.001824,0.002358,0.004248,0.011942
9,2009,0.003982,0.00137,0.005442,0.064815
9,2010,8.333053,0.806484,9.248047,17.333012
9,2011,0.090997,0.033726,0.131363,0.36807
9,2012,1.3e-05,2.4e-05,3.7e-05,9.5e-05
9,2013,0.030675,0.012447,0.043121,0.409468
9,2014,4.818117,0.50247,5.394836,8.549218
9,2015,0.006079,0.002354,0.008437,0.030914
10,1952,0.168773,0.011194,0.179967,0.227028
10,1953,0.207761,0.010708,0.218469,0.26096
10,1954,0.185751,0.004535,0.190286,0.208499
10,1955,0.131563,0.003442,0.135005,0.149558
10,1956,0.199274,0.0086,0.207874,0.257628
10,1957,0.128901,0.005438,0.134339,0.148875
10,1958,0.149098,0.005637,0.154735,0.169901
10,1959,0.218893,0.005338,0.224231,0.25039
10,1960,0.181242,0.007258,0.1885,0.225338
10,1961,0.050723,0.006617,0.05734,0.089021
10,1962,0.064371,0.012884,0.077255,0.103624
10,1963,0.159328,0.011853,0.171181,0.220074
10,1964,0.105398,0.01021,0.115608,0.164516
10,1965,0.062406,0.006227,0.068633,0.084863
10,1966,0.080778,0.004977,0.085755,0.105871
10,1967,0.248536,0.006828,0.255364,0.29524
10,1968,0.23586,0.006619,0.242479,0.300583
10,1969,0.169181,0.00246,0.171641,0.209023
10,1970,0.143774,0.002784,0.146558,0.177214
10,1971,0.43486,0.005136,0.439996,0.464625
10,1972,0.226074,0.003075,0.229149,0.283871
10,1973,0.432676,0.006305,0.438981,0.495716
10,1974,0.652333,0.023431,0.675764,0.795578
10,1975,0.23664,0.011285,0.247925,0.309506
10,1976,0.394693,0.01395,0.408643,0.486178
10,1977,0.146705,0.020265,0.16697,0.190815
10,1978,0.336568,0.022183,0.358751,0.453892
10,1979,0.243639,0.016546,0.260185,0.321173
10,1980,0.408159,0.019743,0.427902,0.512396
10,1981,0.336045,0.009037,0.345082,0.394105
10,1982,0.473278,0.021735,0.495013,0.614751
10,1983,0.351534,0.012659,0.364193,0.408222
10,1984,0.189229,0.012673,0.201902,0.242147
10,1985,0.128624,0.003115,0.131739,0.143866
10,1986,1.269828,0.019588,1.289416,1.627917
10,1987,0.731973,0.022895,0.754868,0.919814
10,1988,0.328419,0.018226,0.346645,0.513236
10,1989,0.205772,0.003253,0.209025,0.238631
10,1990,0.809031,0.004474,0.813505,0.980278
10,1991,0.716416,0.007231,0.723647,1.017673
10,1992,0.289313,0.008265,0.297578,0.484121
10,1993,1.386697,0.006995,1.393692,1.638646
10,1994,0.335848,0.004322,0.34017,0.379404
10,1995,0.02826,0.015121,0.043381,0.081969
10,1996,0.052676,0.003715,0.056391,0.112038
10,1997,0.172267,0.005153,0.178721,0.228923
10,1998,0.09833,0.007913,0.106545,0.407316
10,1999,0.019526,0.000511,0.020706,0.187913
10,2000,0.041283,0.000966,0.042941,0.063091
10,2001,0.01193,0.005744,0.017829,0.062279
10,2002,0.035275,0.001021,0.036296,0.225741
10,2003,0.118415,0.01923,0.141125,0.452085
10,2004,0.031954,0.003523,0.035477,0.100931
10,2005,0.015616,0.003262,0.018878,0.14836
10,2006,0.169267,0.006334,0.175601,0.584188
10,2007,0.039294,0.003188,0.042482,0.135962
10,2008,0.00546,0.003478,0.008937,0.05388
10,2009,0.003411,0.000805,0.004216,0.062887
10,2010,0.151804,0.009974,0.164015,0.309793
10,2011,0.074212,0.030745,0.114427,0.373388
10,2012,0.015391,0.013879,0.02927,0.103031
10,2013,0.004977,0.000565,0.005542,0.094526
10,2014,0.048258,0.007931,0.057592,0.09314
10,2015,0.007784,0.000283,0.008071,0.061656
11,1952,0.019931,5.6e-05,0.019987,0.03782
11,1953,0.029009,2e-05,0.029029,0.040572
11,1954,0.079603,2.5e-05,0.079628,0.101664
11,1955,0.143073,0.000122,0.143195,0.169117
11,1956,0.023341,0.000467,0.023808,0.037526
11,1957,0.053127,8.1e-05,0.053208,0.073583
11,1958,0.049114,4.8e-05,0.049162,0.062486
11,1959,0.234176,0.000525,0.234701,0.28248
11,1960,0.022009,0.000295,0.022304,0.039944
11,1961,0.013979,0.000416,0.014395,0.027791
11,1962,0.020344,0.000192,0.020536,0.047533
11,1963,0.030847,0.000694,0.031541,0.051844
11,1964,0.013138,0.000584,0.013722,0.024789
11,1965,0.004239,0.00011,0.004349,0.006804
11,1966,0.018309,0.000255,0.018564,0.035483
11,1967,0.09834,0.000462,0.098802,0.132
11,1968,0.044779,0.00076,0.045539,0.070853
11,1969,0.015894,0.000117,0.016011,0.021953
11,1970,0.024889,0.001249,0.026138,0.040079
11,1971,0.087978,0,0.087978,0.097106
11,1972,0.038567,7.2e-05,0.038639,0.049005
11,1973,0.004372,1.8e-05,0.00439,0.005031
11,1974,0.035076,0.000737,0.035813,0.044797
11,1975,0.036111,0.000624,0.036735,0.048084
11,1976,0.02628,0.00013,0.02641,0.030845
11,1977,0.000385,1.6e-05,0.000401,0.000483
11,1978,0.022265,9.9e-05,0.022364,0.02744
11,1979,0.075498,0.002122,0.07762,0.109651
11,1980,0.004613,0.000106,0.004719,0.006376
11,1981,0.001201,0,0.001201,0.001457
11,1982,0.051978,0.000408,0.052386,0.069111
11,1983,0.087565,0.000387,0.087952,0.107896
11,1984,0.00579,9.2e-05,0.005882,0.006876
11,1985,0.000541,0,0.000541,0.000965
11,1986,0.009034,0.000129,0.009163,0.012419
11,1987,0.068537,0,0.068537,0.100721
11,1988,0.008904,2e-05,0.008924,0.009785
11,1989,0.001679,0,0.001679,0.002097
11,1990,0.008537,3e-06,0.00854,0.0104
11,1991,0.043601,0.001161,0.044762,0.064919
11,1992,0.006298,0,0.006298,0.007501
11,1993,0.009805,3e-06,0.009808,0.010871
11,1994,0.018772,7.2e-05,0.018844,0.023243
11,1995,0.007804,0.001222,0.009026,0.019342
11,1996,0.000355,3.9e-05,0.00043,0.002452
11,1997,0.000835,1e-05,0.000846,0.000934
11,1998,0.00029,4.6e-05,0.00034,0.002299
11,1999,0.001472,0.000126,0.001763,0.014166
11,2000,0.000723,5.4e-05,0.000805,0.002032
11,2001,0.000107,7.7e-05,0.000184,0.000699
11,2002,0.000783,3.3e-05,0.000816,0.005965
11,2003,0.000639,6.2e-05,0.000701,0.002885
11,2004,2.8e-05,3e-06,3.1e-05,0.000121
11,2005,1.9e-05,8e-06,2.7e-05,0.00022
11,2006,0.001157,9.7e-05,0.001254,0.005039
11,2007,9.7e-05,3.6e-05,0.000133,0.000822
11,2008,3.3e-05,2.2e-05,5.5e-05,0.000395
11,2009,4.4e-05,8e-06,5.1e-05,0.00094
11,2010,0.009165,0.000668,0.010107,0.020218
11,2011,0.004489,0.000394,0.005099,0.012441
11,2012,0.000535,0.000454,0.00099,0.002094
11,2013,6.2e-05,9e-06,7.1e-05,0.002586
11,2014,0.010812,0.000366,0.011278,0.016116
11,2015,0.000209,1e-06,0.00021,0.001741
12,1953,0.000245,1e-06,0.000246,0.000296
12,1954,0.024609,0.000109,0.024718,0.028087
12,1955,0.000181,4e-06,0.000185,0.000226
12,1957,0.000353,1e-06,0.000354,0.000394
12,1958,0.031128,8.2e-05,0.03121,0.035946
12,1959,0.004567,1.7e-05,0.004584,0.005232
12,1961,2.2e-05,2e-06,2.4e-05,4.7e-05
12,1962,0.012108,0.000695,0.012803,0.024738
12,1963,0.003272,0.00016,0.003432,0.005443
12,1964,1.2e-05,0,1.2e-05,2.1e-05
12,1965,0.001694,4.6e-05,0.00174,0.002721
12,1966,0.036527,0.002248,0.038775,0.070118
12,1967,0.051607,0.00051,0.052117,0.056398
12,1968,0.000467,3.4e-05,0.000501,0.000587
12,1969,0.002162,0.000194,0.002356,0.003319
12,1970,0.026491,0.00034,0.026831,0.030704
12,1971,0.003991,3.6e-05,0.004027,0.004308
12,1972,0.000838,0.000132,0.00097,0.00116
12,1973,0.026464,0.000316,0.02678,0.030773
12,1974,0.047833,0.000392,0.048225,0.056751
12,1975,0.012457,0.00018,0.012637,0.015812
12,1976,0.0114,0.000895,0.012295,0.013337
12,1977,0.072219,0.000388,0.072607,0.080696
12,1978,0.029163,0.001561,0.030724,0.040702
12,1979,0.011137,0.000243,0.01138,0.014955
12,1980,0.005003,0.000457,0.00546,0.007332
12,1981,0.031669,0.000957,0.032626,0.038435
12,1982,0.075728,0.001126,0.076854,0.100721
12,1983,0.053483,0.00114,0.054623,0.06237
12,1984,0.01005,0.000482,0.010532,0.012242
12,1985,0.013495,0.000201,0.013696,0.016014
12,1986,0.185319,0.002552,0.187871,0.202162
12,1987,0.04079,0.000841,0.041631,0.048491
12,1988,0.022298,0.00109,0.023388,0.024456
12,1989,0.040989,0.000438,0.041427,0.049327
12,1990,0.048635,0.000167,0.048802,0.06875
12,1991,0.051295,0.001097,0.052392,0.064445
12,1992,0.01443,4e-05,0.01447,0.017176
12,1993,0.171063,5.4e-05,0.171117,0.190877
12,1994,0.052621,0.001584,0.054205,0.063475
12,1995,0.007496,0.000997,0.008493,0.016368
12,1996,0.004725,0.00021,0.005062,0.014112
12,1997,0.152942,0.000884,0.154229,0.171611
12,1998,0.018033,0.001979,0.020053,0.130166
12,1999,0.004789,0.00041,0.00537,0.040205
12,2000,0.043841,0.010666,0.055948,0.086582
12,2001,0.006598,0.001823,0.008421,0.043236
12,2002,0.002729,0.000539,0.00336,0.01892
12,2003,0.0028,0.00068,0.003554,0.008737
12,2004,0.003284,0.003146,0.00658,0.013604
12,2005,0.002191,0.004166,0.006503,0.018585
12,2006,0.016445,0.002099,0.018919,0.048322
12,2007,0.000597,0.000358,0.000955,0.004835
12,2008,0.000908,0.001151,0.0021,0.005948
12,2009,0.000177,6.1e-05,0.000243,0.003061
12,2010,0.082226,0.006485,0.089801,0.171248
12,2011,0.000962,0.000254,0.001289,0.003891
12,2012,2.6e-05,4.3e-05,7e-05,0.000189
12,2013,0.000937,0.000257,0.001193,0.012504
12,2014,0.050003,0.003128,0.05395,0.088726
12,2015,1.8e-05,9e-06,2.7e-05,9.3e-05
13,1952,0.100903,0.000106,0.101009,0.130774
13,1953,0.042295,1.6e-05,0.042311,0.0511
13,1954,0.153412,3.2e-05,0.153444,0.181581
13,1955,0.086771,1e-04,0.086871,0.108507
13,1956,0.01745,2.4e-05,0.017474,0.025964
13,1957,0.179013,8e-05,0.179093,0.19933
13,1958,0.21798,3.8e-05,0.218018,0.253957
13,1959,0.063939,0.000275,0.064214,0.072577
13,1960,0.014799,0.000118,0.014917,0.02195
13,1961,0.003483,0.000196,0.003679,0.007925
13,1962,0.015475,0.000738,0.016213,0.032137
13,1963,0.023566,0.000582,0.024148,0.038617
13,1964,0.002479,8.1e-05,0.00256,0.003756
13,1965,0.030947,0.000846,0.031793,0.049717
13,1966,0.033796,0.000724,0.03452,0.054009
13,1967,0.141846,0.000239,0.142085,0.164666
13,1968,0.018141,0.000236,0.018377,0.022176
13,1969,0.128146,0.001021,0.129167,0.187894
13,1970,0.082713,0.000409,0.083122,0.093557
13,1971,0.073963,0.000274,0.074237,0.079227
13,1972,0.125363,7.7e-05,0.12544,0.151178
13,1973,0.332855,0.000817,0.333672,0.382213
13,1974,0.344841,0.001305,0.346146,0.410239
13,1975,0.113511,0.001004,0.114515,0.144221
13,1976,0.285273,0.001376,0.286649,0.336581
13,1977,0.213769,0.00253,0.216299,0.268926
13,1978,0.189036,0.001299,0.190335,0.265506
13,1979,0.143087,0.003407,0.146494,0.191556
13,1980,0.192776,0.003431,0.196207,0.272801
13,1981,0.196369,0.002382,0.198751,0.240753
13,1982,0.902655,0.002954,0.905609,1.200623
13,1983,0.259174,0.000781,0.259955,0.299296
13,1984,0.281574,0.002162,0.283736,0.343338
13,1985,0.198755,0.000519,0.199274,0.236621
13,1986,1.220312,0.003078,1.22339,1.335718
13,1987,0.37479,0.001623,0.376413,0.445905
13,1988,0.540984,0.0033,0.544284,0.593541
13,1989,0.084482,1.8e-05,0.0845,0.101667
13,1990,0.042243,3.9e-05,0.042282,0.058659
13,1991,0.155594,0.001842,0.157436,0.195568
13,1992,0.304202,3.7e-05,0.304239,0.362925
13,1993,0.782795,0.000237,0.783032,0.867488
13,1994,0.60652,0.001063,0.607583,0.672539
13,1995,0.040022,0.00406,0.044082,0.078113
13,1996,0.214421,0.095783,0.312897,0.640496
13,1997,0.45405,0.006256,0.461357,0.509472
13,1998,0.10615,0.102927,0.20917,0.76597
13,1999,0.02873,0.007483,0.037104,0.24034
13,2000,0.159053,0.012419,0.171884,0.446919
13,2001,0.034322,0.005956,0.040278,0.224917
13,2002,0.0688,0.110019,0.178819,0.524044
13,2003,0.055078,0.015006,0.071991,0.248551
13,2004,0.039549,0.007378,0.046927,0.168587
13,2005,0.013348,0.008567,0.021915,0.155387
13,2006,0.064357,0.012278,0.076635,0.280215
13,2007,0.017717,0.002061,0.019778,0.149501
13,2008,0.010003,0.006733,0.016736,0.119837
13,2009,0.005444,0.000985,0.00643,0.117542
13,2010,0.103608,0.018804,0.125513,0.228571
13,2011,0.122707,0.051742,0.180357,0.340062
13,2012,0.007781,0.007356,0.015137,0.030437
13,2013,0.00602,0.002028,0.008048,0.251557
13,2014,0.097145,0.005274,0.10332,0.144808
13,2015,0.001373,5e-06,0.001378,0.011425
14,1958,1.5e-05,0,1.5e-05,2e-05
14,1959,0.000125,0,0.000125,0.000152
14,1963,0.000562,5.4e-05,0.000616,0.001052
14,1964,0.00031,4.9e-05,0.000359,0.000505
14,1967,0.007526,0.000205,0.007731,0.008647
14,1968,0.00257,0.000131,0.002701,0.003655
14,1969,0.000197,6e-06,0.000203,0.000255
14,1970,3.3e-05,3e-06,3.6e-05,4.5e-05
14,1971,0.013728,0.00018,0.013908,0.015201
14,1972,0.011434,0.001481,0.012915,0.014846
14,1973,0.000846,7e-06,0.000853,0.001058
14,1974,0.000556,4.4e-05,6e-04,0.00074
14,1975,0.010458,0.000944,0.011402,0.015407
14,1976,0.024228,0.000872,0.0251,0.02919
14,1977,0.001344,4.9e-05,0.001393,0.001764
14,1978,0.00041,1.9e-05,0.000429,0.000536
14,1979,0.038964,0.003354,0.042318,0.058892
14,1980,0.012478,0.002378,0.014856,0.023293
14,1981,0.00748,0.000302,0.007782,0.009871
14,1982,0.004156,0,0.004156,0.005288
14,1983,0.00337,0.000737,0.004107,0.009084
14,1984,0.031371,0.002117,0.033488,0.044595
14,1985,0.002924,0.000274,0.003198,0.004796
14,1986,0.001902,0.002383,0.004285,0.010309
14,1987,0.011684,0.009514,0.021198,0.037831
14,1988,0.016318,0.002677,0.018995,0.045922
14,1989,0.023293,0.002665,0.025958,0.029946
14,1990,0.0134,0.018198,0.031598,0.04346
14,1991,0.03647,0.011477,0.047947,0.068501
14,1992,0.014728,0.025674,0.040402,0.056652
14,1993,0.01207,0.000658,0.012728,0.020431
14,1994,0.002404,0.002122,0.004526,0.020407
14,1995,0.002927,0.004166,0.007093,0.018445
14,1996,0.00647,0.006889,0.013359,0.045638
14,1997,0.024801,0.004621,0.029422,0.036055
14,1998,0.00104,0.002576,0.003616,0.018849
14,1999,0.002126,0.011812,0.013938,0.04105
14,2000,0.002208,0.002012,0.00422,0.014372
14,2001,0.000675,0.000795,0.00147,0.008088
14,2002,0.002823,0.001807,0.00463,0.011828
14,2003,0.011622,0.004711,0.017089,0.034168
14,2004,0.028725,0.010775,0.040427,0.069231
14,2005,0.001585,0.001581,0.003238,0.013883
14,2006,0.017086,0.006781,0.025006,0.06846
14,2007,0.005163,0.001471,0.006634,0.019721
14,2008,0.000864,0.002309,0.003247,0.010188
14,2009,8.7e-05,4.2e-05,0.000131,0.001594
14,2010,0.006996,0.001729,0.008979,0.020966
14,2011,0.002899,0.002654,0.006024,0.017006
14,2012,0.00143,0.004168,0.005621,0.009013
14,2013,0.001063,0.001984,0.003047,0.007675
14,2014,0.003422,0.00439,0.008517,0.027602
14,2015,0.000493,0.000206,0.000699,0.003066
15,1952,3.9e-05,0,3.9e-05,5.1e-05
15,1953,0.004659,0,0.004659,0.006023
15,1956,2.7e-05,0,2.7e-05,3.5e-05
15,1957,0.006868,0.000107,0.006975,0.009205
15,1961,0.00155,0,0.00155,0.002148
15,1962,1.6e-05,0,1.6e-05,2.3e-05
15,1965,0.005709,0.000454,0.006163,0.008073
15,1966,0.002339,3.1e-05,0.00237,0.002829
15,1969,0.013099,0.000165,0.013264,0.016659
15,1970,0.002597,5.5e-05,0.002652,0.002956
15,1973,0.027245,0.000403,0.027648,0.033883
15,1974,0.001715,7.4e-05,0.001789,0.002236
15,1977,0.04247,0.001796,0.044266,0.057852
15,1978,0.005526,0.00039,0.005916,0.007972
15,1980,0.000155,1.7e-05,0.000172,0.000279
15,1981,0.05564,0.001422,0.057062,0.076014
15,1982,0.014696,0.001215,0.015911,0.02062
15,1983,0.000492,5.4e-05,0.000546,0.000785
15,1984,0.001039,7.7e-05,0.001116,0.001525
15,1985,0.021314,0.000597,0.021911,0.025296
15,1986,0.07014,0.007135,0.077275,0.103899
15,1987,0.004954,0.000845,0.005799,0.007888
15,1988,0.001528,0.000275,0.001803,0.002863
15,1989,0.034029,0.001275,0.035304,0.04254
15,1990,0.149483,0.018041,0.167524,0.250912
15,1991,0.015282,0.001544,0.016826,0.02678
15,1992,0.003174,0.006122,0.009296,0.013081
15,1993,0.007063,0.000729,0.007792,0.016151
15,1994,0.169903,0.030992,0.200895,0.311153
15,1995,0.006196,0.005651,0.011847,0.026662
15,1996,0.00017,0.000995,0.001165,0.005774
15,1997,0.008314,0.001589,0.009903,0.012176
15,1998,0.05355,0.019133,0.072683,0.181989
15,1999,0.000607,0.002487,0.003094,0.014507
15,2000,0.00081,0.000746,0.001564,0.005329
15,2001,0.000239,0.000294,0.000544,0.002993
15,2002,0.065078,0.021262,0.090003,0.191272
15,2003,0.008936,0.00215,0.011431,0.017991
15,2004,0.021461,0.009036,0.031318,0.051213
15,2005,0.001928,0.00367,0.005636,0.018881
15,2006,0.232883,0.070746,0.317355,0.678129
15,2007,0.003818,0.001803,0.005621,0.017121
15,2008,0.000482,0.000905,0.001448,0.004088
15,2009,0.000245,0.000211,0.000463,0.006303
15,2010,0.308536,0.104062,0.425853,1.012782
15,2011,0.011948,0.020387,0.033291,0.070855
15,2012,0.000503,0.002952,0.003472,0.00583
15,2013,0.004254,0.005211,0.009465,0.046183
15,2014,0.137414,0.047186,0.193263,0.41843
15,2015,0.002298,0.000959,0.003257,0.01428
16,1952,0.022636,0.00032,0.022956,0.030026
16,1953,0.000515,1e-06,0.000516,0.00059
16,1954,0.00025,5e-06,0.000255,3e-04
16,1955,0.000538,8e-06,0.000546,0.000623
16,1956,0.029352,0.000184,0.029536,0.037343
16,1957,0.007043,0.000534,0.007577,0.008468
16,1958,0.000352,5e-06,0.000357,0.000418
16,1959,0.001828,1.9e-05,0.001847,0.002429
16,1960,0.008763,0.000391,0.009154,0.014567
16,1961,0.001973,2.4e-05,0.001997,0.002245
16,1962,0.00026,9e-06,0.000269,0.000428
16,1963,0.004519,0.000342,0.004861,0.008974
16,1964,0.059151,0.004682,0.063833,0.083229
16,1965,0.011733,0.000338,0.012071,0.013713
16,1966,0.000337,6e-06,0.000343,0.000408
16,1967,0.005541,9e-05,0.005631,0.006769
16,1968,0.085849,0.004117,0.089966,0.10021
16,1969,0.002005,2.6e-05,0.002031,0.002808
16,1970,0.000249,1e-06,0.00025,0.000328
16,1971,0.004634,1.6e-05,0.00465,0.005076
16,1972,0.065367,0.004944,0.070311,0.078634
16,1973,0.003045,0.000119,0.003164,0.003959
16,1974,0.000224,2.8e-05,0.000252,0.000322
16,1975,0.005245,0.000494,0.005739,0.007721
16,1976,0.105539,0.005365,0.110904,0.128111
16,1977,0.006778,0.000408,0.007186,0.009768
16,1978,0.004841,0.000208,0.005049,0.005307
16,1979,0.010507,0.001553,0.01206,0.015888
16,1980,0.035661,0.007086,0.042747,0.067835
16,1981,0.013961,8e-04,0.014761,0.019431
16,1982,0.003277,0.000215,0.003492,0.004422
16,1983,0.007374,0.001342,0.008716,0.0161
16,1984,0.041041,0.007013,0.048054,0.076953
16,1985,0.009988,0.001354,0.011342,0.01592
16,1986,0.002019,0.003188,0.005207,0.008779
16,1987,0.014996,0.002661,0.017657,0.027074
16,1988,0.051369,0.018997,0.070366,0.115364
16,1989,0.11126,0.007686,0.118946,0.135972
16,1990,0.013667,0.012115,0.025782,0.031156
16,1991,0.010343,0.003653,0.013996,0.023155
16,1992,0.133973,0.117849,0.251822,0.309327
16,1993,0.02322,0.001841,0.025061,0.043013
16,1994,0.007938,0.007973,0.015911,0.0217
16,1995,0.005581,0.008317,0.013898,0.021079
16,1996,0.027567,0.049646,0.077213,0.177211
16,1997,0.036601,0.005133,0.041734,0.062553
16,1998,0.004592,0.004763,0.009355,0.033595
16,1999,0.00149,0.005673,0.007163,0.033458
16,2000,0.059474,0.040853,0.100904,0.189551
16,2001,0.000879,0.005958,0.007207,0.020128
16,2002,0.002392,0.000369,0.002843,0.005016
16,2003,0.013025,0.005261,0.018885,0.038293
16,2004,0.025212,0.019042,0.04544,0.089633
16,2005,0.005417,0.005197,0.010867,0.047454
16,2006,0.004393,0.001743,0.006429,0.0176
16,2007,0.001197,0.000387,0.001584,0.004574
16,2008,0.002504,0.011282,0.014081,0.040501
16,2009,0.000947,0.001777,0.002743,0.022499
16,2010,0.004927,0.001566,0.006618,0.025728
16,2011,0.012699,0.023005,0.036688,0.120478
16,2012,0.003957,0.015069,0.019122,0.068232
16,2013,0.007596,0.012782,0.020377,0.111942
16,2014,0.01911,0.005321,0.02491,0.05641
16,2015,0.004182,0.00355,0.007732,0.038205
17,1952,0.00772,0.000365,0.008085,0.010182
17,1953,0.257861,0.004593,0.262454,0.303857
17,1954,0.015379,0.00034,0.015719,0.018521
17,1955,0.007301,0.000225,0.007526,0.008581
17,1956,0.005972,0.000285,0.006257,0.007839
17,1957,0.270815,0.006856,0.277671,0.338551
17,1958,0.009085,0.000131,0.009216,0.010788
17,1959,0.009168,0.00028,0.009448,0.012557
17,1960,0.007271,0.000389,0.00766,0.009396
17,1961,0.202948,0.006229,0.209177,0.245295
17,1962,0.00442,0.00037,0.00479,0.007219
17,1963,0.013651,0.001843,0.015494,0.027145
17,1964,0.005279,0.000418,0.005697,0.00765
17,1965,0.108711,0.003133,0.111844,0.127057
17,1966,0.010752,0.000304,0.011056,0.012873
17,1967,0.063751,0.002115,0.065866,0.077888
17,1968,0.023294,0.001217,0.024511,0.026781
17,1969,0.086309,0.003862,0.090171,0.126747
17,1970,0.025389,0.004454,0.029843,0.034595
17,1971,0.134124,0.007289,0.141413,0.159196
17,1972,0.063171,0.006201,0.069372,0.072875
17,1973,0.094055,0.008371,0.102426,0.121905
17,1974,0.022394,0.004321,0.026715,0.030479
17,1975,0.052382,0.007611,0.059993,0.077119
17,1976,0.014066,0.001547,0.015613,0.017406
17,1977,0.047205,0.002595,0.0498,0.068111
17,1978,0.020858,0.002316,0.023174,0.025758
17,1979,0.074164,0.018568,0.092732,0.152807
17,1980,0.008333,0.002343,0.010676,0.013898
17,1981,0.093185,0.018413,0.111598,0.131431
17,1982,0.025429,0.007193,0.032622,0.034971
17,1983,0.045827,0.019369,0.065196,0.094982
17,1984,0.022632,0.006577,0.029209,0.037085
17,1985,0.049412,0.01541,0.064822,0.078647
17,1986,0.001976,0.003429,0.005405,0.008954
17,1987,0.080951,0.026468,0.107419,0.146934
17,1988,0.014717,0.009891,0.024608,0.033919
17,1989,0.036276,0.004451,0.040727,0.045735
17,1990,0.009385,0.006104,0.015489,0.021522
17,1991,0.078472,0.036013,0.114485,0.175659
17,1992,0.027789,0.029468,0.057257,0.068658
17,1993,0.011763,0.003309,0.015072,0.024667
17,1994,0.003666,0.011264,0.01493,0.019545
17,1995,0.01326,0.010585,0.023845,0.047843
17,1996,0.009965,0.015336,0.025301,0.063955
17,1997,0.058393,0.009127,0.06752,0.101188
17,1998,0.002165,0.002033,0.004198,0.015156
17,1999,0.003347,0.012694,0.016041,0.073962
17,2000,0.141128,0.108764,0.251262,0.451556
17,2001,0.004256,0.036662,0.04271,0.097481
17,2002,0.002219,0.000434,0.002729,0.004654
17,2003,0.004199,0.001696,0.006088,0.012345
17,2004,0.065809,0.051811,0.120702,0.233145
17,2005,0.008448,0.008975,0.017806,0.074011
17,2006,0.013302,0.00528,0.019468,0.053299
17,2007,0.000995,0.000704,0.0017,0.003802
17,2008,0.012196,0.06125,0.074884,0.197269
17,2009,0.001282,0.003728,0.005036,0.03046
17,2010,0.009191,0.006914,0.016312,0.048
17,2011,0.003362,0.013274,0.016813,0.031897
17,2012,0.005054,0.02865,0.033807,0.087156
17,2013,0.000558,0.002972,0.00353,0.022416
17,2014,0.016181,0.030455,0.048498,0.125234
17,2015,0.004344,0.013377,0.017721,0.087029
18,1952,0.156143,0,0.156143,0.205042
18,1953,0.082979,0,0.082979,0.102002
18,1954,0.0883,0,0.0883,0.105924
18,1955,0.078855,0,0.078855,0.096805
18,1956,0.086399,0,0.086399,0.118493
18,1957,0.032243,0,0.032243,0.044578
18,1958,0.041,0,0.041,0.051381
18,1959,0.075789,0,0.075789,0.09152
18,1960,0.090251,0,0.090251,0.114761
18,1961,0.034848,0,0.034848,0.046006
18,1962,0.023684,0,0.023684,0.040264
18,1963,0.012277,0,0.012277,0.024957
18,1964,0.03264,0,0.03264,0.046396
18,1965,0.047268,0,0.047268,0.054234
18,1966,0.07929,0,0.07929,0.100132
18,1967,0.112147,0,0.112147,0.122429
18,1968,0.085279,0,0.085279,0.102267
18,1969,0.133704,0,0.133704,0.158777
18,1970,0.042143,0,0.042143,0.048785
18,1971,0.061738,0,0.061738,0.07719
18,1972,0.068429,0,0.068429,0.081841
18,1973,0.064649,0,0.064649,0.076544
18,1974,0.053095,0,0.053095,0.073676
18,1975,0.084811,3e-06,0.084814,0.124734
18,1976,0.167567,0,0.167567,0.204092
18,1977,0.044906,0.001966,0.046872,0.060724
18,1978,0.04599,0.000138,0.046128,0.070914
18,1979,0.096704,0.011606,0.10831,0.145852
18,1980,0.018348,3.9e-05,0.018387,0.035488
18,1981,0.081262,0.000227,0.081489,0.106816
18,1982,0.020851,0.000625,0.021476,0.030184
18,1983,0.0109,0.000137,0.011037,0.027889
18,1984,0.029386,0.000122,0.029508,0.045305
18,1985,0.005551,5.7e-05,0.005608,0.009168
18,1986,0.006753,0.000244,0.006997,0.036174
18,1987,0.017814,0.000186,0.018,0.031637
18,1988,0.028949,0.002216,0.031165,0.068912
18,1989,0.046488,0.000633,0.047121,0.063158
18,1990,0.01057,0.000941,0.011511,0.023713
18,1991,0.017256,0.001203,0.018459,0.040959
18,1992,0.007655,0.000394,0.008049,0.017178
18,1993,0.041143,0.000197,0.04134,0.064175
18,1994,0.003095,0.001813,0.004908,0.014408
18,1995,0.001399,0.002425,0.003824,0.009324
18,1996,0.0095,0.00248,0.01198,0.062057
18,1997,0.049683,0.001467,0.05115,0.086948
18,1998,0.012286,0.002079,0.014365,0.091253
18,1999,0.001726,0.001479,0.003205,0.039182
18,2000,0.020586,0.002632,0.023218,0.065856
18,2001,0.006197,0.004259,0.010456,0.141937
18,2002,0.025214,0.003876,0.02909,0.11937
18,2003,0.041975,0.003195,0.045171,0.1234
18,2004,0.089082,0.007138,0.09622,0.159989
18,2005,0.01312,0.001798,0.014918,0.07695
18,2006,0.028913,0.001136,0.030049,0.068865
18,2007,0.002393,0.000328,0.002721,0.04455
18,2008,0.001857,0.000465,0.002322,0.022221
18,2009,0.00149,9.8e-05,0.001587,0.032621
18,2010,0.002266,0.000491,0.002757,0.019575
18,2011,0.008302,0.001606,0.009908,0.065905
18,2012,0.004633,0.001518,0.006152,0.08419
18,2013,0.004202,0.0027,0.006903,0.077226
18,2014,0.018341,0.00148,0.019821,0.056317
18,2015,0.00515,0.00105,0.006201,0.054918
19,1952,0.055719,8.2e-05,0.055801,0.081595
19,1953,0.097119,3.7e-05,0.097156,0.118186
19,1954,0.233947,3.3e-05,0.23398,0.26278
19,1955,0.043401,2.6e-05,0.043427,0.049022
19,1956,0.015412,9e-06,0.015421,0.018007
19,1957,0.020298,1.5e-05,0.020313,0.024106
19,1958,0.13121,1.5e-05,0.131225,0.145926
19,1959,0.175962,0.00093,0.176892,0.20476
19,1960,0.02215,0.000288,0.022438,0.039648
19,1961,0.052935,0.001979,0.054914,0.097687
19,1962,0.009978,0.000379,0.010357,0.018519
19,1963,0.021757,0.000897,0.022654,0.044912
19,1964,0.0036,0.000144,0.003744,0.005946
19,1965,0.04266,0.001058,0.043718,0.058752
19,1966,0.092128,0.001212,0.09334,0.125986
19,1967,0.092845,0.000217,0.093062,0.11361
19,1968,0.013076,0.000319,0.013395,0.018774
19,1969,0.051911,0.000191,0.052102,0.067061
19,1970,0.05016,0.000368,0.050528,0.063194
19,1971,0.063705,0.000202,0.063907,0.067697
19,1972,0.001784,5e-06,0.001789,0.003135
19,1973,0.020634,7.9e-05,0.020713,0.023773
19,1974,0.092266,0.000904,0.09317,0.11009
19,1975,0.017413,7.1e-05,0.017484,0.023471
19,1976,0.027893,4.3e-05,0.027936,0.033066
19,1977,0.009209,0.000103,0.009312,0.011558
19,1978,0.037127,0.000341,0.037468,0.057185
19,1979,0.100318,0.003027,0.103345,0.149051
19,1980,0.011905,8.9e-05,0.011994,0.01726
19,1981,0.011805,0,0.011805,0.014998
19,1982,0.025331,0.000127,0.025458,0.034647
19,1983,0.01952,8.2e-05,0.019602,0.023841
19,1984,0.012074,0.000102,0.012176,0.013443
19,1985,0.004576,4e-06,0.00458,0.009679
19,1986,0.024964,0.000267,0.025231,0.032536
19,1987,0.008324,0,0.008324,0.013552
19,1988,0.003683,3.5e-05,0.003718,0.005262
19,1989,0.013459,0,0.013459,0.016393
19,1990,0.002703,9e-06,0.002712,0.007227
19,1991,0.028844,0.000863,0.029707,0.044707
19,1992,0.001999,0,0.001999,0.002312
19,1993,0.07154,9e-06,0.071549,0.074807
19,1994,0.062502,0.000156,0.062658,0.072173
19,1995,0.015434,0.001979,0.017413,0.034173
19,1996,0.002713,0.000294,0.003282,0.017864
19,1997,0.000904,0.000161,0.001065,0.004737
19,1998,0.003049,9.5e-05,0.003151,0.021993
19,1999,0.006141,0.000477,0.006836,0.051335
19,2000,5.5e-05,0.000777,0.000832,0.014859
19,2001,0.011585,0.005662,0.017247,0.090043
19,2002,0.01005,0.001474,0.011524,0.062988
19,2003,0.016919,0.007286,0.026568,0.082606
19,2004,0.020223,0.002825,0.023049,0.057832
19,2005,0.019429,0.013051,0.032479,0.421084
19,2006,0.062329,0.008902,0.071231,0.20811
19,2007,0.011111,0.003827,0.014938,0.191374
19,2008,0.002965,0.003741,0.006706,0.041515
19,2009,0.004345,0.002045,0.006397,0.400256
19,2010,0.270104,0.047977,0.326546,1.303044
19,2011,0.183016,0.084828,0.288504,1.39206
19,2012,0.012552,0.013371,0.025923,0.144097
19,2013,0.011024,0.011125,0.022149,0.379416
19,2014,0.441637,0.064723,0.523388,1.32245
19,2015,0.017821,0.003694,0.021517,0.18678
