"stk","yr","cyc","rec2","rec3","rec4","rec5","rec","eff","juv","ets","prod","model","eff1","eff2","eff3"
1,1951,3,0,9e-06,0.158428,0.015217,0.173645,0.029785,NA,0.052825,1.76300807414465,"larkin",0.025658,0.168458,0.010859
1,1952,4,0,2.8e-05,0.078012,0.01056,0.088572,0.015484,NA,0.027821,1.74400854786051,"larkin",0.029785,0.025658,0.168458
1,1953,1,0,0.000294,0.537711,0.002886,0.540597,0.078238,NA,0.137097,1.93291862140973,"larkin",0.015484,0.029785,0.025658
1,1954,2,0,0.000341,0.154781,0.000701,0.155482,0.01801,NA,0.034427,2.15560281010421,"larkin",0.078238,0.015484,0.029785
1,1955,3,0,1.1e-05,0.025824,0.001632,0.027456,0.001397,NA,0.002052,2.97825764303073,"larkin",0.01801,0.078238,0.015484
1,1956,4,0,0,0.101035,0.006393,0.107428,0.016661,NA,0.024684,1.86375019678451,"larkin",0.001397,0.01801,0.078238
1,1957,1,0,0.00073,1.215763,0.003272,1.219035,0.119273,NA,0.232256,2.32439985783974,"larkin",0.016661,0.001397,0.01801
1,1958,2,0,0.000755,0.102112,0.00024,0.102352,0.022196,NA,0.037279,1.52850576024413,"larkin",0.119273,0.016661,0.001397
1,1959,3,0,0,0.014682,0.006153,0.020835,0.001297,NA,0.002586,2.77658035954011,"larkin",0.022196,0.119273,0.016661
1,1960,4,0,2.2e-05,0.069925,0.004202,0.074127,0.007401,NA,0.012397,2.30416471218882,"larkin",0.001297,0.022196,0.119273
1,1961,1,0,0.00063,0.252123,0.002208,0.254331,0.087782,NA,0.16048,1.06378010002849,"larkin",0.007401,0.001297,0.022196
1,1962,2,0,0,0.067661,0.005992,0.073653,0.014103,NA,0.025398,1.65297733456652,"larkin",0.087782,0.007401,0.001297
1,1963,3,0,0.000332,0.090397,0.001825,0.092222,0.00259,NA,0.004109,3.57254083810152,"larkin",0.014103,0.087782,0.007401
1,1964,4,0,0.001027,0.02594,0.012949,0.038889,0.0013,NA,0.002319,3.39834716981852,"larkin",0.00259,0.014103,0.087782
1,1965,1,0,0.000432,0.415253,0.001526,0.416779,0.011241,NA,0.018543,3.61298829681303,"larkin",0.0013,0.00259,0.014103
1,1966,2,0,0.001746,0.08304,0,0.08304,0.005959,NA,0.01009,2.63441973765274,"larkin",0.011241,0.0013,0.00259
1,1967,3,0,0.000423,0.326142,0.013128,0.33927,0.011167,NA,0.019949,3.41383325008769,"larkin",0.005959,0.011241,0.0013
1,1968,4,0,1.1e-05,0.010412,0,0.010412,0.000793,NA,0.00134,2.57489104447961,"larkin",0.011167,0.005959,0.011241
1,1969,1,0,0.000648,1.366181,0.004452,1.370633,0.048796,NA,0.089746,3.33537961362193,"larkin",0.000793,0.011167,0.005959
1,1970,2,0,0.001212,0.178232,0.001312,0.179544,0.015806,NA,0.028206,2.43003068845543,"larkin",0.048796,0.000793,0.011167
1,1971,3,0,0.000311,0.42351,0.006993,0.430503,0.04561,NA,0.08544,2.24482730176101,"larkin",0.015806,0.048796,0.000793
1,1972,4,0,2.5e-05,0.032207,0,0.032207,0.002253,NA,0.004219,2.65992115877854,"larkin",0.04561,0.015806,0.048796
1,1973,1,0,0.004591,1.342456,0.003951,1.346407,0.153876,NA,0.295915,2.16904775864742,"larkin",0.002253,0.04561,0.015806
1,1974,2,0,0.001242,0.141307,0.002218,0.143525,0.02161,NA,0.038013,1.89335306553491,"larkin",0.153876,0.002253,0.04561
1,1975,3,0,0.00015,0.220007,0.002852,0.222859,0.026252,NA,0.052052,2.1387971078754,"larkin",0.02161,0.153876,0.002253
1,1976,4,0,4.3e-05,0.0288,0.003034,0.031834,0.006792,NA,0.011431,1.54478945199862,"larkin",0.026252,0.02161,0.153876
1,1977,1,0,0.000572,0.752467,0.008655,0.761122,0.053363,NA,0.086551,2.65767603847102,"larkin",0.006792,0.026252,0.02161
1,1978,2,0,0.000202,0.07147,0.00118,0.07265,0.020004,NA,0.035786,1.28972113645963,"larkin",0.053363,0.006792,0.026252
1,1979,3,0,3.4e-05,0.089807,0.017889,0.107696,0.03617,NA,0.069277,1.09108239730435,"larkin",0.020004,0.053363,0.006792
1,1980,4,0,1e-05,0.03795,0.025541,0.063491,0.007361,NA,0.012648,2.15470237049364,"larkin",0.03617,0.020004,0.053363
1,1981,1,0,4.6e-05,0.33129,0.018805,0.350095,0.071485,NA,0.123195,1.58871690874369,"larkin",0.007361,0.03617,0.020004
1,1982,2,0,1.3e-05,0.026796,0.001007,0.027803,0.002158,NA,0.003749,2.55596206170745,"larkin",0.071485,0.007361,0.03617
1,1983,3,0,0.000423,0.17676,0.010949,0.187709,0.013121,NA,0.020443,2.66067889117393,"larkin",0.002158,0.071485,0.007361
1,1984,4,0,0.00024,0.209867,0.029536,0.239403,0.021868,NA,0.040202,2.39312394334092,"larkin",0.013121,0.002158,0.071485
1,1985,1,0,0.002414,1.179879,0.026057,1.205936,0.118124,NA,0.215698,2.323276387716,"larkin",0.021868,0.013121,0.002158
1,1986,2,0,5.6e-05,0.12828,0.017603,0.145883,0.01516,NA,0.027352,2.26414455036262,"larkin",0.118124,0.021868,0.013121
1,1987,3,0,8e-06,0.494847,0.031065,0.525912,0.075524,NA,0.135361,1.94068341182493,"larkin",0.01516,0.118124,0.021868
1,1988,4,0,3.3e-05,0.319342,0.059894,0.379236,0.088071,NA,0.174002,1.46001539522633,"larkin",0.075524,0.01516,0.118124
1,1989,1,0,0.00042,1.091749,0.045932,1.137681,0.211041,NA,0.365639,1.68469483164985,"larkin",0.088071,0.075524,0.01516
1,1990,2,0,2e-06,0.156963,0.009121,0.166084,0.047065,NA,0.093371,1.26096405946673,"larkin",0.211041,0.088071,0.075524
1,1991,3,0,0.000514,0.129192,0.014581,0.143773,0.085456,NA,0.138286,0.52023404328141,"larkin",0.047065,0.211041,0.088071
1,1992,4,0,1e-05,0.080797,0.019569,0.100366,0.036565,NA,0.05838,1.00973200576308,"larkin",0.085456,0.047065,0.211041
1,1993,1,0,0.000847,1.652166,0.16177,1.813936,0.386806,NA,0.679396,1.54533107355477,"larkin",0.036565,0.085456,0.047065
1,1994,2,0,6e-06,0.02799,0.001034,0.029024,0.014499,NA,0.026703,0.694043392401669,"larkin",0.386806,0.036565,0.085456
1,1995,3,0,2e-05,0.170595,0.018985,0.18958,0.057342,NA,0.108053,1.1957777595128,"larkin",0.014499,0.386806,0.036565
1,1996,4,0,0,0.359206,0.10494,0.464146,0.041063,NA,0.083274,2.42509168517429,"larkin",0.057342,0.014499,0.386806
1,1997,1,0,1e-06,0.109249,0.038121,0.14737,0.073416,NA,0.216779,0.69680453570846,"larkin",0.041063,0.057342,0.014499
1,1998,2,0,2e-06,0.024341,0.004349,0.02869,0.009332,NA,0.018221,1.12309927583409,"larkin",0.073416,0.041063,0.057342
1,1999,3,0,0,0.025927,0.004639,0.030566,0.008189,NA,0.020883,1.31709648981759,"larkin",0.009332,0.073416,0.041063
1,2000,4,0,0,0.132457,0.003417,0.135874,0.035333,NA,0.079487,1.34691061427149,"larkin",0.008189,0.009332,0.073416
1,2001,1,0,5e-06,0.216279,0.035722,0.252001,0.082852,NA,0.158779,1.11237717216424,"larkin",0.035333,0.008189,0.009332
1,2002,2,0,0,0.020266,0.0043,0.024566,0.012921,NA,0.023742,0.642509478376819,"larkin",0.082852,0.035333,0.008189
1,2003,3,0,0,0.008431,0.001588,0.010019,0.006932,NA,0.012718,0.368334918423766,"larkin",0.012921,0.082852,0.035333
1,2004,4,0,0,0.032387,0.005077198,0.037464198,0.005181,NA,0.008948,1.97838766910829,"larkin",0.006932,0.012921,0.082852
1,2005,1,0,4.9e-05,0.076119303,0.007843862,0.083963164,0.051153,NA,0.097771,0.495557037149981,"larkin",0.005181,0.006932,0.012921
1,2006,2,0,0,0.096013086,0.01060328,0.106616366,0.015914,NA,0.032016,1.90203780219681,"larkin",0.051153,0.005181,0.006932
1,2007,3,0,0,0.010551212,0.000146711,0.010697922,0.002376,NA,0.00459,1.50463111549963,"larkin",0.015914,0.051153,0.005181
1,2008,4,0,1e-06,0.183791609,0.009158711,0.19295032,0.014446,NA,0.026262,2.59201518681434,"larkin",0.002376,0.015914,0.051153
1,2009,1,0,3e-06,0.172777765,0.030113412,0.202891177,0.021884,NA,0.042983,2.2269139852096,"larkin",0.014446,0.002376,0.015914
1,2010,2,0,5.3e-05,0.191812703,0.026478597,0.2182913,0.034198,NA,0.055378,1.85366324652259,"larkin",0.021884,0.014446,0.002376
1,2011,3,0,3e-06,0.002258977,0.000735,0.002993977,0.000233,NA,0.000617,2.55331942935364,"larkin",0.034198,0.021884,0.014446
3,1951,3,0,2.6e-05,0.354049,0.101292,0.455341,0.051413,NA,0.090072,2.18115553003196,"ricker",0.07741,0.040231,0.009242
3,1952,4,0,2.3e-05,0.093984,0.016694,0.110678,0.01992,NA,0.039217,1.71490083248697,"ricker",0.051413,0.07741,0.040231
3,1953,1,0,3e-05,0.156192,0.018023,0.174215,0.020388,NA,0.040894,2.14534367615546,"ricker",0.01992,0.051413,0.07741
3,1954,2,0,0.003311,1.140205,0.067783,1.207988,0.072273,NA,0.136439,2.81626082923684,"ricker",0.020388,0.01992,0.051413
3,1955,3,0,2.8e-05,0.602677,0.027091,0.629768,0.029937,NA,0.049758,3.0462563240249,"ricker",0.072273,0.020388,0.01992
3,1956,4,0,9.2e-05,0.2204,0.026243,0.246643,0.021686,NA,0.036747,2.43127505593106,"ricker",0.029937,0.072273,0.020388
3,1957,1,0,8e-06,0.143835,0.008,0.151835,0.018044,NA,0.036199,2.12998118537392,"ricker",0.021686,0.029937,0.072273
3,1958,2,0,0.001156,0.323089,0.016215,0.339304,0.061581,NA,0.11159,1.70654307929485,"ricker",0.018044,0.021686,0.029937
3,1959,3,0,1.7e-05,0.514918,0.026485,0.541403,0.041872,NA,0.078251,2.55954657256657,"ricker",0.061581,0.018044,0.021686
3,1960,4,0,1.9e-05,0.14334,0.021155,0.164495,0.022718,NA,0.037923,1.97972261279748,"ricker",0.041872,0.061581,0.018044
3,1961,1,0,0.000288,0.137046,0.010068,0.147114,0.018136,NA,0.033366,2.09330888322493,"ricker",0.022718,0.041872,0.061581
3,1962,2,0,1e-04,0.572029,0.017376,0.589405,0.044532,NA,0.084089,2.58290552160441,"ricker",0.018136,0.022718,0.041872
3,1963,3,0,0.000977,0.713487,0.013462,0.726949,0.041535,NA,0.077725,2.86231987847503,"ricker",0.044532,0.018136,0.022718
3,1964,4,0,0.000194,0.170674,0.006969,0.177643,0.016161,NA,0.030202,2.39717498600306,"ricker",0.041535,0.044532,0.018136
3,1965,1,0,0.000179,0.2311,0.012372,0.243472,0.020479,NA,0.038255,2.47560197532358,"ricker",0.016161,0.041535,0.044532
3,1966,2,0,0.000833,0.336316,0.022757,0.359073,0.051509,NA,0.095692,1.94176916075239,"ricker",0.020479,0.016161,0.041535
3,1967,3,0,0.000288,0.531886,0.01835,0.550236,0.032467,NA,0.055008,2.8301230882343,"ricker",0.051509,0.020479,0.016161
3,1968,4,0,8.5e-05,0.1259,0.003837,0.129737,0.01368,NA,0.026948,2.24957441215374,"ricker",0.032467,0.051509,0.020479
3,1969,1,0,0.000131,0.235729,0.017385,0.253114,0.025629,NA,0.044324,2.29011545728882,"ricker",0.01368,0.032467,0.051509
3,1970,2,0,0.00117,0.228808,0.00413,0.232938,0.026727,NA,0.041923,2.16509803332908,"ricker",0.025629,0.01368,0.032467
3,1971,3,0,0.000496,0.508759,0,0.508759,0.020147,NA,0.03858,3.22891903308425,"ricker",0.026727,0.025629,0.01368
3,1972,4,0,0.000204,0.711226,0.044784,0.75601,0.019938,NA,0.03532,3.63542714500477,"ricker",0.020147,0.026727,0.025629
3,1973,1,0,1.1e-05,0.075813,0.010077,0.08589,0.015424,NA,0.029383,1.71714266990994,"ricker",0.019938,0.020147,0.026727
3,1974,2,0,0.001823,0.281752,0.019534,0.301286,0.023718,NA,0.040008,2.54182572619715,"ricker",0.015424,0.019938,0.020147
3,1975,3,0,0.003852,1.832708,0.064645,1.897353,0.068451,NA,0.111969,3.32209687508153,"ricker",0.023718,0.015424,0.019938
3,1976,4,0,0.00015,0.216701,0.027506,0.244207,0.063865,NA,0.129085,1.34124474579969,"ricker",0.068451,0.023718,0.015424
3,1977,1,0,7.4e-05,0.209138,0.056488,0.265626,0.010894,NA,0.020348,3.19387712541599,"ricker",0.063865,0.068451,0.023718
3,1978,2,0,0.00086,0.388505,0.04804,0.436545,0.032528,NA,0.05736,2.59679020586348,"ricker",0.010894,0.063865,0.068451
3,1979,3,0,3.1e-05,0.478737,0.145156,0.623893,0.152583,NA,0.269624,1.4082701690215,"ricker",0.032528,0.010894,0.063865
3,1980,4,0,0.000207,0.535944,0.219255,0.755199,0.028477,NA,0.052417,3.27788454676109,"ricker",0.152583,0.032528,0.010894
3,1981,1,0,2.8e-05,0.234136,0.051734,0.28587,0.01203,NA,0.021014,3.16813363204162,"ricker",0.028477,0.152583,0.032528
3,1982,2,0,0.0019,0.309369,0.046504,0.355873,0.034888,NA,0.06295,2.32243099509112,"ricker",0.01203,0.028477,0.152583
3,1983,3,0,0.001129,1.097744,0.158607,1.256351,0.061357,NA,0.111823,3.01925750250801,"ricker",0.034888,0.01203,0.028477
3,1984,4,0,0.00017,0.744589,0.26643,1.011019,0.032672,NA,0.059694,3.43219557013561,"ricker",0.061357,0.034888,0.01203
3,1985,1,0,8.7e-05,0.097659,0.030996,0.128655,0.021969,NA,0.040151,1.76750203436345,"ricker",0.032672,0.061357,0.034888
3,1986,2,0,2.3e-05,0.445398,0.116424,0.561822,0.044564,NA,0.07486,2.53425871554971,"ricker",0.021969,0.032672,0.061357
3,1987,3,0,1.4e-05,0.353471,0.082191,0.435662,0.098179,NA,0.183961,1.49007437014134,"ricker",0.044564,0.021969,0.032672
3,1988,4,0,0.000158,0.566227,0.425114,0.991341,0.200537,NA,0.333462,1.59805980363926,"ricker",0.098179,0.044564,0.021969
3,1989,1,0,2.8e-05,0.127212,0.095047,0.222259,0.015903,NA,0.038749,2.63733559783847,"ricker",0.200537,0.098179,0.044564
3,1990,2,0,0.001145,0.861027,0.089664,0.950691,0.056537,NA,0.093359,2.8222937975344,"ricker",0.015903,0.200537,0.098179
3,1991,3,0,0.000259,0.299039,0.037271,0.33631,0.054349,65.55888,0.094311,1.82260713952555,"ricker",0.056537,0.015903,0.200537
3,1992,4,0,0.000275,0.734393,0.133793,0.868186,0.055138,53.022,0.097338,2.7565668437903,"ricker",0.054349,0.056537,0.015903
3,1993,1,0,1.3e-05,0.068158,0.241673,0.309831,0.042861,49.77,0.087626,1.97806466598329,"ricker",0.055138,0.054349,0.056537
3,1994,2,0,0.000127,0.593409,0.088649,0.682058,0.063584,39.866,0.12298,2.37275283184629,"ricker",0.042861,0.055138,0.054349
3,1995,3,0,7.5e-05,0.127344,0.05654,0.183884,0.041135,21.233,0.087748,1.49744578339791,"ricker",0.063584,0.042861,0.055138
3,1996,4,0,1.6e-05,0.635499,0.176479,0.811978,0.167624,36.942,0.309564,1.57774987031177,"ricker",0.041135,0.063584,0.042861
3,1997,1,0,0,0.068515,0.056658,0.125173,0.023241,24.851,0.051642,1.68377882013917,"ricker",0.167624,0.041135,0.063584
3,1998,2,0,7.3e-05,0.504421,0.133503,0.637924,0.096961,79.02,0.182986,1.88391031819294,"ricker",0.023241,0.167624,0.041135
3,1999,3,0,0,0.143988,0.030474,0.174462,0.06608,24.681,0.125908,0.97084082367253,"ricker",0.096961,0.023241,0.167624
3,2000,4,0,0,0.647582,0.070089,0.717671,0.195386,75.156,0.346687,1.30103415762431,"ricker",0.06608,0.096961,0.023241
3,2001,1,0,0,0.20341,0.083718,0.287128,0.06159,48.435,0.137938,1.5394285896667,"ricker",0.195386,0.06608,0.096961
3,2002,2,0,4.7e-05,0.224262,0.024066,0.248328,0.177618,60.29,0.321556,0.335115276197039,"ricker",0.06159,0.195386,0.06608
3,2003,3,0,5e-06,0.034522,0.014605,0.049127,0.043829,30.593,0.07788,0.114113083081673,"ricker",0.177618,0.06159,0.195386
3,2004,4,0,0.000153,0.213103,0.032646743,0.245749743,0.053755,NA,0.08649,1.51987702731131,"ricker",0.043829,0.177618,0.06159
3,2005,1,0,1.2e-05,0.006640015,0.004885414,0.011525429,0.102247,NA,0.17455,-2.18283564302192,"ricker",0.053755,0.043829,0.177618
3,2006,2,0,8.7e-05,0.391375934,0.081433672,0.472809606,0.079834,NA,0.145611,1.7787433042657,"ricker",0.102247,0.053755,0.043829
3,2007,3,0,2e-05,0.113252126,0.024678208,0.137930334,0.019626,NA,0.038803,1.94989351381836,"ricker",0.079834,0.102247,0.053755
3,2008,4,0,0.000454,0.259519218,0.014452617,0.273971835,0.073798,NA,0.137941,1.31169367816561,"ricker",0.019626,0.079834,0.102247
3,2009,1,0,0,0.151519373,0.047533591,0.199052964,0.01577,NA,0.027404,2.53546153909149,"ricker",0.073798,0.019626,0.079834
3,2010,2,0,0.012308,1.441852257,0.129017383,1.57086964,0.109383,NA,0.195995254,2.66452917095829,"ricker",0.01577,0.073798,0.019626
3,2011,3,0,0,0.042845325,0.00914,0.051985325,0.025856,NA,0.051111,0.698418784875111,"ricker",0.109383,0.01577,0.073798
4,1951,3,0,0.000378,0.103443,0,0.103443,0.010254,NA,0.019186,2.31135286300172,"ricker",0.007352,0.010744,0.012826
4,1952,4,0,8e-06,0.036992,0.006304,0.043296,0.008632,NA,0.016461,1.61258402403254,"ricker",0.010254,0.007352,0.010744
4,1953,1,0,3e-06,0.070599,0.004977,0.075576,0.005741,NA,0.011721,2.57750536128133,"ricker",0.008632,0.010254,0.007352
4,1954,2,0,0.000652,0.062971,0.003293,0.066264,0.004566,NA,0.009283,2.67500921518836,"ricker",0.005741,0.008632,0.010254
4,1955,3,0,4.3e-05,0.092623,0.004289,0.096912,0.004472,NA,0.008255,3.07596761438579,"ricker",0.004566,0.005741,0.008632
4,1956,4,0,0,0.027586,0.01016,0.037746,0.003639,NA,0.006174,2.33917059118592,"ricker",0.004472,0.004566,0.005741
4,1957,1,0,0,0.041008,0.000958,0.041966,0.006416,NA,0.010603,1.87806489606829,"ricker",0.003639,0.004472,0.004566
4,1958,2,0,4.3e-05,0.017945,0.000167,0.018112,0.008308,NA,0.013104,0.779355796006907,"ricker",0.006416,0.003639,0.004472
4,1959,3,0,1.1e-05,0.056454,0.0054,0.061854,0.014614,NA,0.025819,1.44279679597328,"ricker",0.008308,0.006416,0.003639
4,1960,4,0,4e-06,0.017278,0.000451,0.017729,0.003525,NA,0.006728,1.61532128065201,"ricker",0.014614,0.008308,0.006416
4,1961,1,0,0,0.026835,0.001313,0.028148,0.00368,NA,0.006576,2.03456355192346,"ricker",0.003525,0.014614,0.008308
4,1962,2,0,6e-06,0.018822,0.002499,0.021321,0.003219,NA,0.00555,1.8906217501962,"ricker",0.00368,0.003525,0.014614
4,1963,3,0,2.8e-05,0.204973,0.009315,0.214288,0.011467,NA,0.019275,2.9278475595886,"ricker",0.003219,0.00368,0.003525
4,1964,4,0,0,0.025416,0.002091,0.027507,0.00069,NA,0.001324,3.68550419912671,"ricker",0.011467,0.003219,0.00368
4,1965,1,0,5e-05,0.01677,0.001029,0.017799,0.00117,NA,0.002128,2.72213852713495,"ricker",0.00069,0.011467,0.003219
4,1966,2,0,0,0.021196,0.001053,0.022249,0.001151,NA,0.002092,2.96166593404228,"ricker",0.00117,0.00069,0.011467
4,1967,3,0,0.000124,0.193857,0.012513,0.20637,0.013991,NA,0.027981,2.69125640845488,"ricker",0.001151,0.00117,0.00069
4,1968,4,0,0,0.037393,0.00615,0.043543,0.00171,NA,0.003419,3.23725558507712,"ricker",0.013991,0.001151,0.00117
4,1969,1,0,0,0.016003,0.001208,0.017211,0.001936,NA,0.003872,2.18492472543346,"ricker",0.00171,0.013991,0.001151
4,1970,2,0,0.000371,0.015826,0,0.015826,0.000497,NA,0.000874,3.46081941007251,"ricker",0.001936,0.00171,0.013991
4,1971,3,0,0,0.124161,0.000346,0.124507,0.010761,NA,0.019965,2.44843345200555,"ricker",0.000497,0.001936,0.00171
4,1972,4,0,0,0.01686,0.000111,0.016971,0.001969,NA,0.003654,2.15398020537214,"ricker",0.010761,0.000497,0.001936
4,1973,1,0,0,0.010538,0.000124,0.010662,0.002012,NA,0.004024,1.66755676616308,"ricker",0.001969,0.010761,0.000497
4,1974,2,0,0,0.015702,0.001729,0.017431,0.001046,NA,0.00185,2.81327686459,"ricker",0.002012,0.001969,0.010761
4,1975,3,0,0.000122,0.121742,0.000634,0.122376,0.014735,NA,0.026219,2.11687265623131,"ricker",0.001046,0.002012,0.001969
4,1976,4,0,0,0.007112,0,0.007112,0.001069,NA,0.002037,1.8950598661687,"ricker",0.014735,0.001046,0.002012
4,1977,1,0,0,0.005875,0.009521,0.015396,0.001214,NA,0.002207,2.54018704278419,"ricker",0.001069,0.014735,0.001046
4,1978,2,0,0,0.039903,0.000724,0.040627,0.001678,NA,0.002773,3.18683026216232,"ricker",0.001214,0.001069,0.014735
4,1979,3,0,0,0.015714,0.01427,0.029984,0.016178,NA,0.030898,0.617011611460251,"ricker",0.001678,0.001214,0.001069
4,1980,4,0,0,0.039381,0.005789,0.04517,0.001376,NA,0.002639,3.49125241015536,"ricker",0.016178,0.001678,0.001214
4,1981,1,0,0,0.014724,0.001808,0.016532,0.000562,NA,0.001032,3.38155132573793,"ricker",0.001376,0.016178,0.001678
4,1982,2,0,0,0.003066,0.002211,0.005277,0.00099,NA,0.001647,1.67340809027703,"ricker",0.000562,0.001376,0.016178
4,1983,3,0,1.7e-05,0.036597,0.001535,0.038132,0.003484,NA,0.005806,2.39287276564108,"ricker",0.00099,0.000562,0.001376
4,1984,4,0,1.2e-05,0.044712,0.005879,0.050591,0.004909,NA,0.009563,2.33270343978489,"ricker",0.003484,0.00099,0.000562
4,1985,1,0,0,0.016449,0.002728,0.019177,0.00303,NA,0.005845,1.8451490247701,"ricker",0.004909,0.003484,0.00099
4,1986,2,0,0,0.020562,0.000636,0.021198,0.001396,NA,0.002851,2.72029583326488,"ricker",0.00303,0.004909,0.003484
4,1987,3,0,0.000132,0.018171,0.004289,0.02246,0.00566,NA,0.011071,1.37831205709521,"ricker",0.001396,0.00303,0.004909
4,1988,4,0,0,0.011669,0.001381,0.01305,0.007405,NA,0.012464,0.56663268604894,"ricker",0.00566,0.001396,0.00303
4,1989,1,0,0,0.004945,0.007897,0.012842,0.001367,NA,0.002534,2.24010249163004,"ricker",0.007405,0.00566,0.001396
4,1990,2,0,0,0.018847,0.012283,0.03113,0.005065,NA,0.007513,1.81581784675287,"ricker",0.001367,0.007405,0.00566
4,1991,3,0,0.000114,0.047542,0.001083,0.048625,0.00246,NA,0.004919,2.98397645199434,"ricker",0.005065,0.001367,0.007405
4,1992,4,0,1.4e-05,0.010556,0.002313,0.012869,0.001117,NA,0.00256,2.44417479842446,"ricker",0.00246,0.005065,0.001367
4,1993,1,0,0,0.016961,0.003506,0.020467,0.000592,NA,0.001184,3.54306247709544,"ricker",0.001117,0.00246,0.005065
4,1994,2,0,0,0.006743,0.004106,0.010849,0.001845,NA,0.00438,1.77159363234782,"ricker",0.000592,0.001117,0.00246
4,1995,3,0,4e-05,0.025092,0.002259,0.027351,0.013467,NA,0.027558,0.708510842802971,"ricker",0.001845,0.000592,0.001117
4,1996,4,0,0,0.020695,0.006081,0.026776,0.004055,NA,0.008148,1.88755527634165,"ricker",0.013467,0.001845,0.000592
4,1997,1,0,0,0.001335,0.003689,0.005024,0.002119,NA,0.004755,0.863282149879736,"ricker",0.004055,0.013467,0.001845
4,1998,2,0,0,0.011272,0.005729,0.017001,0.00283,NA,0.004751,1.79299545420045,"ricker",0.002119,0.004055,0.013467
4,1999,3,0,0,0.019734,0,0.019734,0.003295,NA,0.008238,1.7899368684805,"ricker",0.00283,0.002119,0.004055
4,2000,4,0,0,0.023887,0.001396,0.025283,0.00672,NA,0.01248,1.32504407858884,"ricker",0.003295,0.00283,0.002119
4,2001,1,0,0,0.004433,0.002392,0.006825,0.002752,NA,0.005504,0.908264420999926,"ricker",0.00672,0.003295,0.00283
4,2002,2,0,0,0.007279,0.000395,0.007674,0.004505,NA,0.008433,0.532650100764459,"ricker",0.002752,0.00672,0.003295
4,2003,3,0,0,0.003702,9e-05,0.003792,0.003038,NA,0.006076,0.221694180219194,"ricker",0.004505,0.002752,0.00672
4,2004,4,0,0,0.003008,0.00308248,0.00609048,0.000458,NA,0.000916,2.58761299121779,"ricker",0.003038,0.004505,0.002752
4,2005,1,0,0,0.001876292,0.000382325,0.002258617,0.000866,NA,0.00173,0.958623049485314,"ricker",0.000458,0.003038,0.004505
4,2006,2,0,0,0.014783217,0.002639654,0.017422871,0.000636,NA,0.001432,3.31034048404917,"ricker",0.000866,0.000458,0.003038
4,2007,3,0,0,0.008358904,1.95e-05,0.008378419,0.001075,NA,0.002133,2.05333857163068,"ricker",0.000636,0.000866,0.000458
4,2008,4,0,0,0.00023418,0.000547969,0.000782149,0.000275,NA,0.000774,1.04527416181325,"ricker",0.001075,0.000636,0.000866
4,2009,1,0,0,0.004968249,0.001241236,0.006209484,0.000843,NA,0.001686,1.99686612168592,"ricker",0.000275,0.001075,0.000636
4,2010,2,0,2.3e-05,0.023583475,0.003044102,0.026627577,0.004095,NA,0.008189,1.87218069077322,"ricker",0.000843,0.000275,0.001075
4,2011,3,0,0,0.005197248,0.000961,0.006158248,0.002037,NA,0.003991,1.10631418426256,"ricker",0.004095,0.000843,0.000275
5,1951,3,0,8e-06,0.034636,0.013009,0.047645,0.003364,NA,0.006769,2.65064695068945,"ricker",0.001917,0.002109,0.005524
5,1952,4,0,5e-06,0.046167,0.00501,0.051177,0.005116,NA,0.010353,2.3029173286499,"ricker",0.003364,0.001917,0.002109
5,1953,1,0,0,0.030285,0.001839,0.032124,0.0036,NA,0.006259,2.18866956886415,"ricker",0.005116,0.003364,0.001917
5,1954,2,0,0.000231,0.038964,0.011293,0.050257,0.005352,NA,0.009918,2.23967951789402,"ricker",0.0036,0.005116,0.003364
5,1955,3,0,7e-06,0.052497,0.00786,0.060357,0.002905,NA,0.004657,3.03384354057133,"ricker",0.005352,0.0036,0.005116
5,1956,4,0,0,0.017335,0.008029,0.025364,0.005179,NA,0.008476,1.58871885839603,"ricker",0.002905,0.005352,0.0036
5,1957,1,0,7.2e-05,0.018932,0.002011,0.020943,0.003314,NA,0.006813,1.843648542652,"ricker",0.005179,0.002905,0.005352
5,1958,2,0,2.3e-05,0.022591,0.000512,0.023103,0.006235,NA,0.010112,1.30978390009322,"ricker",0.003314,0.005179,0.002905
5,1959,3,0,0,0.020417,0.003167,0.023584,0.005232,NA,0.009825,1.50577490185203,"ricker",0.006235,0.003314,0.005179
5,1960,4,0,6.4e-05,0.014715,0.002049,0.016764,0.002252,NA,0.004389,2.00741501978538,"ricker",0.005232,0.006235,0.003314
5,1961,1,0,3.2e-05,0.022139,0.002154,0.024293,0.003014,NA,0.005477,2.08692014279964,"ricker",0.002252,0.005232,0.006235
5,1962,2,0,0,0.037568,0.002981,0.040549,0.004197,NA,0.007213,2.26814113499343,"ricker",0.003014,0.002252,0.005232
5,1963,3,0,1.8e-05,0.00909,0.000265,0.009355,0.002693,NA,0.004932,1.24525514589659,"ricker",0.004197,0.003014,0.002252
5,1964,4,0,8.1e-05,0.040283,0.008228,0.048511,0.002666,NA,0.004959,2.90121135459446,"ricker",0.002693,0.004197,0.003014
5,1965,1,0,7.3e-05,0.018867,0.001686,0.020553,0.002669,NA,0.004327,2.04130304526648,"ricker",0.002666,0.002693,0.004197
5,1966,2,0,0.00032,0.020483,0.002736,0.023219,0.002666,NA,0.005492,2.16439168726371,"ricker",0.002669,0.002666,0.002693
5,1967,3,0,3.7e-05,0.008226,0.001395,0.009621,0.000358,NA,0.00064,3.29117050196056,"ricker",0.002666,0.002669,0.002666
5,1968,4,0,9.8e-05,0.100888,0.005411,0.106299,0.003455,NA,0.007507,3.4264334207463,"ricker",0.000358,0.002666,0.002669
5,1969,1,0,0.000381,0.010279,0.00371,0.013989,0.002577,NA,0.004852,1.69164537482407,"ricker",0.003455,0.000358,0.002666
5,1970,2,0,3.7e-05,0.0083,0.000523,0.008823,0.001205,NA,0.002206,1.99088238129735,"ricker",0.002577,0.003455,0.000358
5,1971,3,0,3.3e-05,0.00957,0.002116,0.011686,0.000223,NA,0.000422,3.95897505165426,"ricker",0.001205,0.002577,0.003455
5,1972,4,0,8.7e-05,0.056973,0.000761,0.057734,0.004507,NA,0.007918,2.55021451102915,"ricker",0.000223,0.001205,0.002577
5,1973,1,0,2.2e-05,0.001616,0.007723,0.009339,0.001345,NA,0.002425,1.93780516707378,"ricker",0.004507,0.000223,0.001205
5,1974,2,0,0.000206,0.011541,0.000476,0.012017,0.001479,NA,0.002343,2.0949561302005,"ricker",0.001345,0.004507,0.000223
5,1975,3,0,7e-06,0.005632,0.000797,0.006429,0.001391,NA,0.002541,1.53079609221824,"ricker",0.001479,0.001345,0.004507
5,1976,4,0,5.6e-05,0.018539,0.001331,0.01987,0.003976,NA,0.008628,1.6089347677694,"ricker",0.001391,0.001479,0.001345
5,1977,1,0,0,0.002728,0.003189,0.005917,0.000198,NA,0.00036,3.39731781198216,"ricker",0.003976,0.001391,0.001479
5,1978,2,0,0.000253,0.011888,0.006562,0.01845,0.001343,NA,0.002493,2.62015845294544,"ricker",0.000198,0.003976,0.001391
5,1979,3,0,0,0.001183,0.001856,0.003039,0.000693,NA,0.001473,1.47825379372689,"ricker",0.001343,0.000198,0.003976
5,1980,4,0,0.000112,0.047827,0.003784,0.051611,0.002056,NA,0.005119,3.22297248046991,"ricker",0.000693,0.001343,0.000198
5,1981,1,0,2.9e-05,0.007366,0.001244,0.00861,0.000312,NA,0.000639,3.31767640961229,"ricker",0.002056,0.000693,0.001343
5,1982,2,0,0,0.002509,0.001233,0.003742,0.001533,NA,0.002992,0.892393627962221,"ricker",0.000312,0.002056,0.000693
5,1983,3,0,3.8e-05,0.002855,0.001196,0.004051,0.001821,NA,0.00278,0.799577963475083,"ricker",0.001533,0.000312,0.002056
5,1984,4,0,0.000325,0.032692,0.014038,0.04673,0.006701,NA,0.014407,1.9421295877213,"ricker",0.001821,0.001533,0.000312
5,1985,1,0,7e-06,0.00283,0.001591,0.004421,0.001922,NA,0.003264,0.832999604296005,"ricker",0.006701,0.001821,0.001533
5,1986,2,0,0,0.002902,0.000111,0.003013,0.00108,NA,0.002042,1.02597521901204,"ricker",0.001922,0.006701,0.001821
5,1987,3,0,0,0.001399,0.002421,0.00382,0.000723,NA,0.001388,1.66459647944186,"ricker",0.00108,0.001922,0.006701
5,1988,4,0,0,0.041783,0.008304,0.050087,0.009207,NA,0.019013,1.69379742907616,"ricker",0.000723,0.00108,0.001922
5,1989,1,0,7e-06,0.007357,0.003935,0.011292,0.000925,NA,0.001635,2.50205605186095,"ricker",0.009207,0.000723,0.00108
5,1990,2,0,0,0.00161,0.000934,0.002544,0.000412,NA,0.00063,1.82046957511049,"ricker",0.000925,0.009207,0.000723
5,1991,3,0,0,0.000908,0.000553,0.001461,0.000264,NA,0.000464,1.71092730860438,"ricker",0.000412,0.000925,0.009207
5,1992,4,0,6e-06,0.065321,0.002024,0.067345,0.004112,NA,0.008224,2.79591913289791,"ricker",0.000264,0.000412,0.000925
5,1993,1,0,2.4e-05,0.022386,0.010727,0.033113,0.002934,NA,0.005037,2.42355927480114,"ricker",0.004112,0.000264,0.000412
5,1994,2,0,0,0.004738,0.022745,0.027483,8e-04,NA,0.001642,3.53671118301539,"ricker",0.002934,0.004112,0.000264
5,1995,3,0,4.1e-05,0.022745,0.004484,0.027229,0.000682,NA,0.001021,3.68700820294874,"ricker",8e-04,0.002934,0.004112
5,1996,4,0,0,0.089315,0.022684,0.111999,0.021381,NA,0.039613,1.65598726549596,"ricker",0.000682,8e-04,0.002934
5,1997,1,0,0,0.025983,0.025281,0.051264,0.002367,NA,0.005025,3.07536542091405,"ricker",0.021381,0.000682,8e-04
5,1998,2,0,8e-06,0.004905,0.011325,0.01623,0.003585,NA,0.006746,1.51010290747492,"ricker",0.002367,0.021381,0.000682
5,1999,3,0,9.2e-05,0.026426,0.034631,0.061057,0.003499,NA,0.006676,2.85933064071285,"ricker",0.003585,0.002367,0.021381
5,2000,4,0,5.3e-05,0.107671,0.007672,0.115343,0.027668,NA,0.057397,1.42763378716789,"ricker",0.003499,0.003585,0.002367
5,2001,1,0,0,0.079275,0.016425,0.0957,0.016025,NA,0.030014,1.78706829565217,"ricker",0.027668,0.003499,0.003585
5,2002,2,0,4.5e-05,0.021369,0.021419,0.042788,0.008402,NA,0.017756,1.62778791669669,"ricker",0.016025,0.027668,0.003499
5,2003,3,0,0,0.002439,0.00593,0.008369,0.00489,NA,0.009458,0.537342099563956,"ricker",0.008402,0.016025,0.027668
5,2004,4,0,4e-06,0.039136,0.008848711,0.047984711,0.003244,NA,0.00558,2.69407530308286,"ricker",0.00489,0.008402,0.016025
5,2005,1,0,0,0.006441341,0.00245384,0.008895181,0.016967,NA,0.0264,-0.645760611639633,"ricker",0.003244,0.00489,0.008402
5,2006,2,0,0,0.00718197,0.00965152,0.01683349,0.003442,NA,0.005977,1.58731765671124,"ricker",0.016967,0.003244,0.00489
5,2007,3,0,0,0.006256848,0.004426859,0.010683707,0.008064,NA,0.013813,0.281310159356954,"ricker",0.003442,0.016967,0.003244
5,2008,4,0,2e-06,0.014789734,0.003640755,0.018430489,0.003562,NA,0.007285,1.64368411928919,"ricker",0.008064,0.003442,0.016967
5,2009,1,0,5e-06,0.019972142,0.01521795,0.035190092,0.006039,NA,0.011098,1.7625261303834,"ricker",0.003562,0.008064,0.003442
5,2010,2,0,2.6e-05,0.038268668,0.005849682,0.04411835,0.002389,NA,0.004608,2.91600092733687,"ricker",0.006039,0.003562,0.008064
5,2011,3,0,2.4e-05,0.017945634,0.004859,0.022804634,0.00443,NA,0.008055,1.63856417686579,"ricker",0.002389,0.006039,0.003562
6,1951,3,0,0,0.000413,0,0.000413,9e-06,NA,2e-05,3.82622301562481,"larkin",0.000264,0.01921,4.8e-05
6,1952,4,0,0,0.000562,0,0.000562,5.1e-05,NA,0.000102,2.39967621716937,"larkin",9e-06,0.000264,0.01921
6,1953,1,0,0.005902,0.604123,0.00022,0.604343,0.047564,NA,0.08317,2.5420657449709,"larkin",5.1e-05,9e-06,0.000264
6,1954,2,0,0,0.010692,0,0.010692,0.000146,NA,0.000291,4.29364445555047,"larkin",0.047564,5.1e-05,9e-06
6,1955,3,0,0,0.00018,0,0.00018,3e-05,NA,5.91e-05,1.79175946922805,"larkin",0.000146,0.047564,5.1e-05
6,1956,4,0,1.8e-05,0.001115,0,0.001115,3.9e-05,NA,7.7e-05,3.35304803776457,"larkin",3e-05,0.000146,0.047564
6,1957,1,0,0.008359,0.98958,0.000144,0.989724,0.132852,NA,0.209784,2.00819038971595,"larkin",3.9e-05,3e-05,0.000146
6,1958,2,0,2.7e-05,0.003362,2.3e-05,0.003385,0.001269,NA,0.001834,0.981124717631988,"larkin",0.132852,3.9e-05,3e-05
6,1959,3,0,0,0.000165,0,0.000165,2.9e-05,NA,6.28e-05,1.73864964391411,"larkin",0.001269,0.132852,3.9e-05
6,1960,4,0,6e-06,0.001469,0,0.001469,0.000123,NA,0.000219,2.48015282080146,"larkin",2.9e-05,0.001269,0.132852
6,1961,1,0,0.044481,1.195807,0.000509,1.196316,0.07,NA,0.11507,2.83850687160966,"larkin",0.000123,2.9e-05,0.001269
6,1962,2,0,3e-05,0.007257,0,0.007257,0.000566,NA,0.000991,2.55112772107495,"larkin",0.07,0.000123,2.9e-05
6,1963,3,0,0,0.000956,0,0.000956,4e-05,NA,7.06e-05,3.17387845893747,"larkin",0.000566,0.07,0.000123
6,1964,4,0,0,0.002812,0,0.002812,0.000159,NA,0.000358,2.87274705071032,"larkin",4e-05,0.000566,0.07
6,1965,1,0,0.014161,1.652107,0.000821,1.652928,0.105393,NA,0.194338,2.75260731946406,"larkin",0.000159,4e-05,0.000566
6,1966,2,0,2.8e-05,0.007038,0.000396,0.007434,0.00104,NA,0.001603,1.96684335872178,"larkin",0.105393,0.000159,4e-05
6,1967,3,0,1.1e-05,0.00175,0,0.00175,2.4e-05,NA,4.76e-05,4.28931723656961,"larkin",0.00104,0.105393,0.000159
6,1968,4,0,0,0.000428,0,0.000428,0.000333,NA,0.000665,0.250980705601353,"larkin",2.4e-05,0.00104,0.105393
6,1969,1,0,0.006413,1.626582,0.007768,1.63435,0.076565,NA,0.131074,3.06086039750201,"larkin",0.000333,2.4e-05,0.00104
6,1970,2,0,0,0.020339,0,0.020339,0.000388,NA,0.000585,3.95929016456222,"larkin",0.076565,0.000333,2.4e-05
6,1971,3,0,0,0.000747,0,0.000747,1.6e-05,NA,2.58e-05,3.84347646289304,"larkin",0.000388,0.076565,0.000333
6,1972,4,0,9e-06,0.000856,0,0.000856,4.6e-05,NA,7.19e-05,2.92362897965265,"larkin",1.6e-05,0.000388,0.076565
6,1973,1,0,0.005114,2.326864,0.003929,2.330793,0.112414,NA,0.203768,3.03177534714034,"larkin",4.6e-05,1.6e-05,0.000388
6,1974,2,0,2.1e-05,0.029304,0.00157,0.030874,0.002587,NA,0.004415,2.47941550255576,"larkin",0.112414,4.6e-05,1.6e-05
6,1975,3,0,0,0.001865,0,0.001865,0.000105,NA,0.000193,2.87705598192039,"larkin",0.002587,0.112414,4.6e-05
6,1976,4,0,0,0.001233,0,0.001233,0.000209,0.1144,0.000305,1.77487125119953,"larkin",0.000105,0.002587,0.112414
6,1977,1,0,0.008446,3.810786,0.054029,3.864815,0.160717,49.6,0.30968,3.1800240400872,"larkin",0.000209,0.000105,0.002587
6,1978,2,0,0.000142,0.186073,0.010473,0.196546,0.004349,NA,0.008476,3.81095056698957,"larkin",0.160717,0.000209,0.000105
6,1979,3,0,0,0.002103,0.003908,0.006011,0.000238,NA,0.000454,3.22907572936769,"larkin",0.004349,0.160717,0.000209
6,1980,4,0,0,0.002446,0,0.002446,9.8e-05,NA,0.000196,3.21724183757655,"larkin",0.000238,0.004349,0.160717
6,1981,1,0,0.019608,9.553856,0.213188,9.767044,0.33229,67.58437134,0.618483,3.38076105878449,"larkin",9.8e-05,0.000238,0.004349
6,1982,2,0,0,0.499074,0.056312,0.555386,0.020054,NA,0.038857,3.32123473239529,"larkin",0.33229,9.8e-05,0.000238
6,1983,3,0,3.3e-05,0.031515,0.008864,0.040379,0.001098,NA,0.001627,3.60481950475568,"larkin",0.020054,0.33229,9.8e-05
6,1984,4,0,8.5e-05,0.006868,0,0.006868,0.000551,NA,0.000852,2.52289341286445,"larkin",0.001098,0.020054,0.33229
6,1985,1,0,0.028135,12.137664,0.334171,12.471835,0.692799,46.51545387,1.277377,2.89048826718655,"larkin",0.000551,0.001098,0.020054
6,1986,2,0,4.1e-05,2.364628,0.168115,2.532743,0.094792,14.68396132,0.169407,3.28537316662123,"larkin",0.692799,0.000551,0.001098
6,1987,3,0,1.1e-05,0.119437,0.057144,0.176581,0.011238,11.00922524,0.017835,2.7544788019229,"larkin",0.094792,0.692799,0.000551
6,1988,4,0,0,0.026342,0,0.026342,0.004185,NA,0.006108,1.83965791963542,"larkin",0.011238,0.094792,0.692799
6,1989,1,0,0.010417,10.339444,0.280053,10.619497,0.942522,58.01335528,1.838399,2.42188766898428,"larkin",0.004185,0.011238,0.094792
6,1990,2,0,0.000585,2.946813,0.336236,3.283049,0.259553,5.244447045,0.481278,2.53756692209033,"larkin",0.942522,0.004185,0.011238
6,1991,3,0,2.6e-05,0.100196,0.050671,0.150867,0.024861,12.29105445,0.045324,1.80309834345034,"larkin",0.259553,0.942522,0.004185
6,1992,4,0,1e-06,0.029213,0,0.029213,0.003046,NA,0.005862,2.26078456120616,"larkin",0.024861,0.259553,0.942522
6,1993,1,0,0.001642,6.446036,0.398551,6.844587,1.50735,62.55041577,2.557017,1.51310497872749,"larkin",0.003046,0.024861,0.259553
6,1994,2,0,0.000248,2.263471,0.212902,2.476373,0.356251,16.75337446,0.65167,1.93891473006558,"larkin",1.50735,0.003046,0.024861
6,1995,3,0,0,0.119078,0.048228,0.167306,0.116867,NA,0.210237,0.358787934999326,"larkin",0.356251,1.50735,0.003046
6,1996,4,0,0,0.067906,0.019609,0.087515,0.021719,NA,0.039378,1.39362275375262,"larkin",0.116867,0.356251,1.50735
6,1997,1,0,7.9e-05,4.358762,0.318446,4.677208,0.904914,53.90736355,1.658898,1.64261671812954,"larkin",0.021719,0.116867,0.356251
6,1998,2,0,5.6e-05,4.467804,0.272015,4.739819,0.534532,36.11553759,1.043457,2.18236263059652,"larkin",0.904914,0.021719,0.116867
6,1999,3,0,0,0.581976,0.22861,0.810586,0.106908,13.789241,0.174234,2.02578879136139,"larkin",0.534532,0.904914,0.021719
6,2000,4,0,0,0.038143,0.015667,0.05381,0.037163,5.159686,0.062846,0.37014568084448,"larkin",0.106908,0.534532,0.904914
6,2001,1,0,4.2e-05,3.576455,0.115416,3.691871,1.740454,65.39519864,3.205043,0.75198737688539,"larkin",0.037163,0.106908,0.534532
6,2002,2,0,3.8e-05,0.603583,0.036207,0.63979,1.312599235,48.39503225,2.857293,-0.718624601717784,"larkin",1.740454,0.037163,0.106908
6,2003,3,0,0,0.082424,0.060604,0.143028,0.148333,10.372264,0.276199,-0.0364193310160225,"larkin",1.312599235,1.740454,0.037163
6,2004,4,0,0,0.006545,0.005986006,0.012531006,0.006629,1.86,0.01017,0.636752089736324,"larkin",0.148333,1.312599235,1.740454
6,2005,1,0,0,0.19805493,0.008051135,0.206106064,0.777707359,51.80610829,1.44329,-1.32795939809985,"larkin",0.006629,0.148333,1.312599235
6,2006,2,0,5.58e-05,0.600702732,0.04795137,0.648654102,0.090069,15.164301,0.160045,1.97432356064235,"larkin",0.777707359,0.006629,0.148333
6,2007,3,0,2.1e-05,0.073106843,0.003424802,0.076531645,0.033601,NA,0.069876,0.823148486998401,"larkin",0.090069,0.777707359,0.006629
6,2008,4,0,0,0.003845035,0.006324999,0.010170034,0.002473,NA,0.004216,1.41401356468178,"larkin",0.033601,0.090069,0.777707359
6,2009,1,0,1.9e-05,0.286898579,0.021465336,0.308363914,0.082781,14.182463,0.148142,1.31508205800656,"larkin",0.002473,0.033601,0.090069
6,2010,2,0,0.002958,2.395466731,0.030969297,2.426436028,0.131546,24.970095,0.235148,2.91482220426458,"larkin",0.082781,0.002473,0.033601
6,2011,3,0,3.07e-05,0.036032515,0.00677,0.042802515,0.016936,6.427365,0.03133,0.92715532871103,"larkin",0.131546,0.082781,0.002473
7,1951,3,0,0.003925,0.644911,0.020763,0.665674,0.057563,11.504581,0.099133,2.44792006102337,"ricker",0.006555,0.033029,0.364597
7,1952,4,0,0.018732,1.763929,0.035975,1.799904,0.233628,22.973478,0.434113,2.04175850234388,"ricker",0.057563,0.006555,0.033029
7,1953,1,0,0.001172,0.514554,0.014004,0.528558,0.094471,7.690383,0.173398,1.72185963475284,"ricker",0.233628,0.057563,0.006555
7,1954,2,0,0.012234,0.632132,0.004415,0.636547,0.021247,3.007274,0.033369,3.39984254765754,"ricker",0.094471,0.233628,0.057563
7,1955,3,0,0.032418,1.407963,0.031011,1.438974,0.075834,9.15912,0.114018,2.94313889772824,"ricker",0.021247,0.094471,0.233628
7,1956,4,0,0.013905,2.379854,0.016684,2.396538,0.368607,28.242157,0.617148,1.8720494391,"ricker",0.075834,0.021247,0.094471
7,1957,1,0,7.6e-05,0.117362,0.003149,0.120511,0.083128,9.458468,0.137827,0.371359446521077,"ricker",0.368607,0.075834,0.021247
7,1958,2,0,0.004055,0.27832,0.013613,0.291933,0.070433,6.902846,0.119983,1.4218624205503,"ricker",0.083128,0.368607,0.075834
7,1959,3,0,0.023792,2.080497,0.018659,2.099156,0.272891,32.629026,0.462227,2.040218190107,"ricker",0.070433,0.083128,0.368607
7,1960,4,0,0.005472,0.958877,0.00598,0.964857,0.244864,33.817514,0.422281,1.37127694945205,"ricker",0.272891,0.070433,0.083128
7,1961,1,0,0.000256,0.052713,0.011583,0.064296,0.015038,1.593017,0.02493,1.45291708995458,"ricker",0.244864,0.272891,0.070433
7,1962,2,0,0.010657,0.960609,0.013582,0.974191,0.042125,8.808628,0.066133,3.14096599430783,"ricker",0.015038,0.244864,0.272891
7,1963,3,0,0.037579,1.112861,0.004045,1.116906,0.057207,9.263733,0.105115,2.97164137302357,"ricker",0.042125,0.015038,0.244864
7,1964,4,0,0.007252,1.818921,0.05581,1.874731,0.13159,23.643449,0.233125,2.65652943328347,"ricker",0.057207,0.042125,0.015038
7,1965,1,0,0.001787,0.138555,0.00236,0.140915,0.020813,2.343404,0.031918,1.91257908024341,"ricker",0.13159,0.057207,0.042125
7,1966,2,0,0.026456,0.744469,0.027636,0.772105,0.107541,16.816182,0.196539,1.97124838093506,"ricker",0.020813,0.13159,0.057207
7,1967,3,0,0.028734,1.933329,0.023351,1.95668,0.090006,8.812334,0.153941,3.07912810366606,"ricker",0.107541,0.020813,0.13159
7,1968,4,0,0.046952,2.349375,0.021925,2.3713,0.181912,31.772048,0.31288,2.56767055329057,"ricker",0.090006,0.107541,0.020813
7,1969,1,0,0.004126,0.369954,0.015839,0.385793,0.025519,3.570614,0.042662,2.71587768343504,"ricker",0.181912,0.090006,0.107541
7,1970,2,0,0.016775,0.630046,0.001084,0.63113,0.050923,3.848709,0.095882,2.51719717560825,"ricker",0.025519,0.181912,0.090006
7,1971,3,0,0.058786,0.740253,0,0.740253,0.097365,7.608969,0.153756,2.02852521650485,"ricker",0.050923,0.025519,0.181912
7,1972,4,0,0.042709,1.947465,0.034424,1.981889,0.332353,20.273314,0.555361,1.78560805220992,"ricker",0.097365,0.050923,0.025519
7,1973,1,0,0.008835,0.200775,0.006807,0.207582,0.030231,4.300031,0.054489,1.92665855436393,"ricker",0.332353,0.097365,0.050923
7,1974,2,0,0.026487,0.641497,0.004312,0.645809,0.071127,7.245661,0.106658,2.20603678287117,"ricker",0.030231,0.332353,0.097365
7,1975,3,0,0.022821,1.389008,0.007375,1.396383,0.133782,14.145005,0.216337,2.34542899149836,"ricker",0.071127,0.030231,0.332353
7,1976,4,0,0.008457,1.650944,0.025168,1.676112,0.228326,26.010772,0.378066,1.9934576722949,"ricker",0.133782,0.071127,0.030231
7,1977,1,0,0.003346,0.190527,0.002743,0.19327,0.020385,2.268157,0.035086,2.24928883872616,"ricker",0.228326,0.133782,0.071127
7,1978,2,0,0.008616,1.169034,0.077743,1.246777,0.08557,16.490014,0.146147,2.67898234606817,"ricker",0.020385,0.228326,0.133782
7,1979,3,0,0.009358,1.615466,0.072206,1.687672,0.14792,21.152257,0.227928,2.43443375639965,"ricker",0.08557,0.020385,0.228326
7,1980,4,0,0.012504,3.920494,0.473961,4.394455,0.293234,35.037719,0.462572,2.70712787278919,"ricker",0.14792,0.08557,0.020385
7,1981,1,0,0.001722,0.180656,0.004547,0.185203,0.020164,1.704324,0.032362,2.2175536845646,"ricker",0.293234,0.14792,0.08557
7,1982,2,0,0.052424,1.355953,0.131741,1.487694,0.142515,13.967231,0.241916,2.34553529175706,"ricker",0.020164,0.293234,0.14792
7,1983,3,0,0.045476,1.71733,0.036418,1.753748,0.213715,19.714627,0.362093,2.10486713928311,"ricker",0.142515,0.020164,0.293234
7,1984,4,0,0.011108,0.500714,0.00289,0.503604,0.283152,9.843219347,0.560392,0.575806389021574,"ricker",0.213715,0.142515,0.020164
7,1985,1,0,0.00097,0.366037,0.1844,0.550437,0.034979,5.591056048,0.071274,2.75596462677954,"ricker",0.283152,0.213715,0.142515
7,1986,2,0,0.047835,4.413216,0.279555,4.692771,0.165504,18.884731,0.276193,3.34478315481525,"ricker",0.034979,0.283152,0.213715
7,1987,3,0,0.011552,4.032356,0.316979,4.349335,0.268111,21.69502098,0.401728,2.78637716496631,"ricker",0.165504,0.034979,0.283152
7,1988,4,0,0.002697,2.979547,0.157913,3.13746,0.206206,20.90073508,0.356008,2.72229316523212,"ricker",0.268111,0.165504,0.034979
7,1989,1,0,0.011841,3.015024,0.086942,3.101966,0.042811,0,0.062246,4.28299630409358,"ricker",0.206206,0.268111,0.165504
7,1990,2,0,0.013262,2.412516,0.178745,2.591261,0.497991,34.1683739,0.807859,1.64931790422426,"ricker",0.042811,0.206206,0.268111
7,1991,3,0,0.004495,1.126703,0.128342,1.255045,0.597537,39.72180988,1.004286,0.742110500922154,"ricker",0.497991,0.042811,0.206206
7,1992,4,0,0.003754,1.773513,0.078754,1.852267,0.319959,12.86643198,0.510065,1.75597271069631,"ricker",0.597537,0.497991,0.042811
7,1993,1,0,0.018173,3.380892,0.548667,3.929559,0.322298,27.2578109,0.551475,2.50080590142297,"ricker",0.319959,0.597537,0.497991
7,1994,2,0,0.010606,1.331935,0.072717,1.404652,0.253976,16.97692671,0.436491,1.71030508989039,"ricker",0.322298,0.319959,0.597537
7,1995,3,0,0.002778,1.045307,0.179013,1.22432,0.298027,39.82647267,0.507915,1.41295678038388,"ricker",0.253976,0.322298,0.319959
7,1996,4,0,0.000359,1.175834,0.159331,1.335165,0.504469,18.70049583,0.923575,0.973303767774157,"ricker",0.298027,0.253976,0.322298
7,1997,1,0,0.000222,0.663879,0.204615,0.868494,0.509298,21.83762514,0.901643,0.533727370270151,"ricker",0.504469,0.298027,0.253976
7,1998,2,0,0.001084,0.423716,0.073801,0.497517,0.467624,11.07824373,0.803336,0.0619651726687357,"ricker",0.509298,0.504469,0.298027
7,1999,3,0,0.002228,1.44998,0.109275,1.559255,0.432565,19.98533248,0.857098,1.28223081797395,"ricker",0.467624,0.509298,0.504469
7,2000,4,0,0.003918,0.42496,0.027152,0.452112,0.395559,19.475377,0.731788,0.133629982411459,"ricker",0.432565,0.467624,0.509298
7,2001,1,0,0.000176,1.001606,0.089122,1.090728,0.331244,35.71094532,0.657006,1.1917453782634,"ricker",0.395559,0.432565,0.467624
7,2002,2,0,0.004514,1.119367,0.106118,1.225485,0.21505,19.62517685,0.381791,1.74022140376143,"ricker",0.331244,0.395559,0.432565
7,2003,3,0,0.000557,0.321849,0.029357,0.351206,0.334896,25.06021523,0.606449,0.0475529100324967,"ricker",0.21505,0.331244,0.395559
7,2004,4,0,0.000854,0.388845,0.033231053,0.422076053,0.049193,10.9742493,0.090263,2.14943418122417,"ricker",0.334896,0.21505,0.331244
7,2005,1,0,0.00072,0.262014068,0.0380082,0.300022268,0.285065,76.50790521,0.535467,0.0511394741281644,"ricker",0.049193,0.334896,0.21505
7,2006,2,0,0.004234551,4.459628756,0.339677843,4.799306599,0.261918,72.78287079,0.456669,2.90819525024487,"ricker",0.285065,0.049193,0.334896
7,2007,3,0,0.002369218,1.05734306,0.015920844,1.073263904,0.156518,25.22333649,0.299216,1.92528864272303,"ricker",0.261918,0.285065,0.049193
7,2008,4,0,0.001830392,0.466387067,0.04465155,0.511038617,0.068731,12.11548406,0.131447,2.00624482406205,"ricker",0.156518,0.261918,0.285065
7,2009,1,0,0.001081,1.621556291,0.173906447,1.795462738,0.127367,33.83781271,0.212488,2.64594537755994,"ricker",0.068731,0.156518,0.261918
7,2010,2,0,0.036811643,2.478166869,0.078991769,2.557158638,1.18154,54.97223555,2.124215,0.772078062716795,"ricker",0.127367,0.068731,0.156518
7,2011,3,0,0.0021735,0.786936864,0.083108,0.870044864,0.457653,43.22418393,0.747985,0.64243352309805,"ricker",1.18154,0.127367,0.068731
8,1951,3,0,0.000125,0.067964,0.000731,0.068695,0.011504,NA,0.022757,1.78698161539722,"larkin",0.004697,0.003476,0.00128
8,1952,4,0,9.3e-05,0.011156,0,0.011156,0.00278,NA,0.005449,1.3895265420627,"larkin",0.011504,0.004697,0.003476
8,1953,1,0,0.00015,0.04487,0,0.04487,0.002907,NA,0.00535,2.73664779841115,"larkin",0.00278,0.011504,0.004697
8,1954,2,0,0.023882,0.428958,0.003444,0.432402,0.012463,NA,0.023428,3.54659145625702,"larkin",0.002907,0.00278,0.011504
8,1955,3,0,0.000372,0.308775,0.00055,0.309325,0.005178,NA,0.008774,4.08997362277069,"larkin",0.012463,0.002907,0.00278
8,1956,4,0,2.6e-05,0.010971,0.001766,0.012737,0.001102,NA,0.002443,2.4473844328769,"larkin",0.005178,0.012463,0.002907
8,1957,1,0,0.000262,0.011959,0,0.011959,0.007106,NA,0.010175,0.520544635387835,"larkin",0.001102,0.005178,0.012463
8,1958,2,0,0.006184,0.188824,0.00051,0.189334,0.044285,NA,0.077666,1.45286663191206,"larkin",0.007106,0.001102,0.005178
8,1959,3,0,0.000409,0.175192,0.000368,0.17556,0.025473,NA,0.051649,1.9303617971347,"larkin",0.044285,0.007106,0.001102
8,1960,4,0,5.1e-05,0.008697,0,0.008697,0.001862,NA,0.002901,1.54132695975275,"larkin",0.025473,0.044285,0.007106
8,1961,1,0,5.5e-05,0.025649,0,0.025649,0.001957,NA,0.003328,2.57309189608808,"larkin",0.001862,0.025473,0.044285
8,1962,2,0,0.002939,0.169778,0.000572,0.17035,0.027411,NA,0.047675,1.82691075142238,"larkin",0.001957,0.001862,0.025473
8,1963,3,0,0.000147,0.112265,0.001674,0.113939,0.026742,NA,0.049943,1.4494278542722,"larkin",0.027411,0.001957,0.001862
8,1964,4,0,0,0.017994,0.000504,0.018498,0.001321,NA,0.002712,2.63927359259188,"larkin",0.026742,0.027411,0.001957
8,1965,1,0,0.000183,0.034707,0,0.034707,0.00255,NA,0.00565,2.61084803654453,"larkin",0.001321,0.026742,0.027411
8,1966,2,0,0.000658,0.139745,0.001425,0.14117,0.012943,NA,0.025886,2.38940973643581,"larkin",0.00255,0.001321,0.026742
8,1967,3,0,6.6e-05,0.216733,0.002954,0.219687,0.007264,NA,0.012505,3.40927316474323,"larkin",0.012943,0.00255,0.001321
8,1968,4,0,0,0.021963,0.000145,0.022108,0.002064,NA,0.003698,2.3712936863517,"larkin",0.007264,0.012943,0.00255
8,1969,1,0,0.000258,0.014617,0,0.014617,0.003276,NA,0.00653,1.49556206891633,"larkin",0.002064,0.007264,0.012943
8,1970,2,0,0.00047,0.223705,0,0.223705,0.003603,NA,0.008189,4.12856138784377,"larkin",0.003276,0.002064,0.007264
8,1971,3,0,0.001341,0.132035,0.001934,0.133969,0.009463,NA,0.017335,2.65021897237725,"larkin",0.003603,0.003276,0.002064
8,1972,4,0,0.00032,0.056465,0,0.056465,0.001418,NA,0.002752,3.6843735490657,"larkin",0.009463,0.003603,0.003276
8,1973,1,0,0.000419,0.024381,0,0.024381,0.00115,NA,0.002669,3.05404219806402,"larkin",0.001418,0.009463,0.003603
8,1974,2,0,0.001353,0.247377,0,0.247377,0.025096,NA,0.042825,2.28820501789303,"larkin",0.00115,0.001418,0.009463
8,1975,3,0,0.001665,0.175012,0.004007,0.179019,0.015756,NA,0.034208,2.43027070035048,"larkin",0.025096,0.00115,0.001418
8,1976,4,0,3.8e-05,0.018193,0.000191,0.018384,0.004898,NA,0.008271,1.32265376257642,"larkin",0.015756,0.025096,0.00115
8,1977,1,0,0.000135,0.053835,0.001444,0.055279,0.002883,NA,0.005463,2.95356167091449,"larkin",0.004898,0.015756,0.025096
8,1978,2,0,0.00073,0.256211,0.004984,0.261195,0.030757,NA,0.062613,2.13914964417708,"larkin",0.002883,0.004898,0.015756
8,1979,3,0,8.5e-05,0.092992,0.042223,0.135215,0.024866,NA,0.048133,1.69336469566955,"larkin",0.030757,0.002883,0.004898
8,1980,4,0,1e-05,0.045127,0.007711,0.052838,0.004616,NA,0.008027,2.43770209961844,"larkin",0.024866,0.030757,0.002883
8,1981,1,0,0,0.026268,0,0.026268,0.005354,NA,0.01121,1.59050752323057,"larkin",0.004616,0.024866,0.030757
8,1982,2,0,0.002737,0.492244,0.013474,0.505718,0.027219,NA,0.062656,2.9220639428227,"larkin",0.005354,0.004616,0.024866
8,1983,3,0,0.003003,0.261161,0.007562,0.268723,0.014014,NA,0.029515,2.95362427933029,"larkin",0.027219,0.005354,0.004616
8,1984,4,0,0.000174,0.035743,1e-04,0.035843,0.009148,NA,0.017172,1.36561301380024,"larkin",0.014014,0.027219,0.005354
8,1985,1,0,0.000332,0.032018,0.011226,0.043244,0.002684,NA,0.00562,2.77955027632109,"larkin",0.009148,0.014014,0.027219
8,1986,2,0,0.001132,0.811714,0.011322,0.823036,0.057017,NA,0.124614,2.66965047314403,"larkin",0.002684,0.009148,0.014014
8,1987,3,0,0.000314,0.416101,0.025805,0.441906,0.04108,NA,0.079676,2.37557580471668,"larkin",0.057017,0.002684,0.009148
8,1988,4,0,0,0.009027,0.001816,0.010843,0.007989,NA,0.01647,0.30545411499014,"larkin",0.04108,0.057017,0.002684
8,1989,1,0,6.8e-05,0.018809,0,0.018809,0.002864,NA,0.005507,1.88211622959027,"larkin",0.007989,0.04108,0.057017
8,1990,2,0,0.000136,0.272278,0.006413,0.278691,0.108234,NA,0.2694,0.945808091224939,"larkin",0.002864,0.007989,0.04108
8,1991,3,0,0,0.08431,0.011139,0.095449,0.060797,NA,0.126869,0.451051627778013,"larkin",0.108234,0.002864,0.007989
8,1992,4,0,0,0.015128,0.002778,0.017906,0.003586,NA,0.005742,1.60809847702902,"larkin",0.060797,0.108234,0.002864
8,1993,1,0,0,0.006251,0.002465,0.008716,0.00495,NA,0.010119,0.565772840501774,"larkin",0.003586,0.060797,0.108234
8,1994,2,0,0,0.169885,0.002662,0.172547,0.019152,NA,0.063419,2.1982625143124,"larkin",0.00495,0.003586,0.060797
8,1995,3,0,1.7e-05,0.064323,0.0017,0.066023,0.023901,NA,0.047979,1.01608286710183,"larkin",0.019152,0.00495,0.003586
8,1996,4,0,0,0.032991,0.006479,0.03947,0.00959,NA,0.020569,1.41482000077941,"larkin",0.023901,0.019152,0.00495
8,1997,1,0,0,0.001944,0,0.001944,0.000836,NA,0.001909,0.843874371935683,"larkin",0.00959,0.023901,0.019152
8,1998,2,0,0.000182,0.210538,0.003684,0.214222,0.014548,NA,0.032769,2.68955933336459,"larkin",0.000836,0.00959,0.023901
8,1999,3,0,3.2e-05,0.105903,0.027996,0.133899,0.010072,NA,0.018379,2.5873264876673,"larkin",0.014548,0.000836,0.00959
8,2000,4,0,0,0.058537,0.001026,0.059563,0.01186,NA,0.025164,1.61386318235315,"larkin",0.010072,0.014548,0.000836
8,2001,1,0,0,0.014842,0.0042,0.019042,0.003743,NA,0.006582,1.62675963694121,"larkin",0.01186,0.010072,0.014548
8,2002,2,0,0.000851,0.497726,0.009077,0.506803,0.055465,NA,0.112727,2.21237017673371,"larkin",0.003743,0.01186,0.010072
8,2003,3,0,0,0.011206,0.00087,0.012076,0.018483,NA,0.031286,-0.425631378855951,"larkin",0.055465,0.003743,0.01186
8,2004,4,0,0,0.006671,0.000246588,0.006917588,0.000762,NA,0.001311,2.20587587725239,"larkin",0.018483,0.055465,0.003743
8,2005,1,0,0,0.007820367,0,0.007820367,0.002326,NA,0.00359,1.21258143030582,"larkin",0.000762,0.018483,0.055465
8,2006,2,0,0.000551,1.070611177,0.022130464,1.092741641,0.057783,NA,0.100612,2.93975046943585,"larkin",0.002326,0.000762,0.018483
8,2007,3,0,0,0.018076028,0.000216381,0.018292409,0.005905,NA,0.009777,1.13068671539793,"larkin",0.057783,0.002326,0.000762
8,2008,4,0,0,0.002163809,0.000181098,0.002344906,0.000311,NA,0.000601,2.02020768260986,"larkin",0.005905,0.057783,0.002326
8,2009,1,0,2e-06,0.043282323,0.003714475,0.046996798,0.003093,NA,0.005134,2.72093797802676,"larkin",0.000311,0.005905,0.057783
8,2010,2,0,0.000827374,0.290967196,0.004287,0.295254196,0.287496,NA,0.501183,0.0266277195643599,"larkin",0.003093,0.000311,0.005905
8,2011,3,0,1.1e-05,0.016758271,0.000807,0.017565271,0.007994,NA,0.013101,0.787232453718409,"larkin",0.287496,0.003093,0.000311
9,1951,3,0,0.00729,0.519779,0.002251,0.52203,0.082094,NA,0.137595,1.8498601253156,"larkin",0.583072,0.002011,0.008502
9,1952,4,0,0.001481,0.01432,0.002131,0.016451,0.004211,NA,0.007101,1.36268611645749,"larkin",0.082094,0.583072,0.002011
9,1953,1,0,0.001456,0.029571,0,0.029571,0.001623,NA,0.003273,2.90251786281896,"larkin",0.004211,0.082094,0.583072
9,1954,2,0,0.71472,15.095741,0.01206,15.107801,1.06764,NA,1.814358,2.64976062787143,"larkin",0.001623,0.004211,0.082094
9,1955,3,0,0.011116,0.853267,0.000609,0.853876,0.044634,NA,0.063313,2.95129008374567,"larkin",1.06764,0.001623,0.004211
9,1956,4,0,0.000555,0.006961,0.000458,0.007419,0.002103,NA,0.003173,1.26067938048683,"larkin",0.044634,1.06764,0.001623
9,1957,1,0,1.6e-05,0.002206,0,0.002206,0.001651,NA,0.002605,0.28979975589332,"larkin",0.002103,0.044634,1.06764
9,1958,2,0,0.123575,2.076776,0.004097,2.080873,1.128919,NA,2.229811,0.611526979510699,"larkin",0.001651,0.002103,0.044634
9,1959,3,0,0.007679,0.374501,0.000106,0.374607,0.08927,NA,0.134516,1.43421199124316,"larkin",1.128919,0.001651,0.002103
9,1960,4,0,0.000201,0.002333,0,0.002333,0.001322,NA,0.00185,0.568009251609798,"larkin",0.08927,1.128919,0.001651
9,1961,1,0,0.000204,0.006996,0,0.006996,0.000854,NA,0.001094,2.10316264234992,"larkin",0.001322,0.08927,1.128919
9,1962,2,0,0.090241,2.74025,0.010891,2.751141,0.652104,NA,1.120186,1.43956695529168,"larkin",0.000854,0.001322,0.08927
9,1963,3,0,0.078928,3.047429,0.003663,3.051092,0.080246,NA,0.157158,3.6381579217788,"larkin",0.652104,0.000854,0.001322
9,1964,4,0,0.002346,0.017103,0.000177,0.01728,0.000345,NA,0.000601,3.91376062532669,"larkin",0.080246,0.652104,0.000854
9,1965,1,0,0.000496,0.024312,0,0.024312,0.001332,NA,0.002058,2.90428848349629,"larkin",0.000345,0.080246,0.652104
9,1966,2,0,0.096198,3.914887,0.022138,3.937025,0.661765,NA,1.1971,1.78327013291558,"larkin",0.001332,0.000345,0.080246
9,1967,3,0,0.065955,3.108302,0.008076,3.116378,0.402452,NA,0.73764,2.04685087391541,"larkin",0.661765,0.001332,0.000345
9,1968,4,0,0.000222,0.020709,7.4e-05,0.020783,0.002713,NA,0.003477,2.03608031116014,"larkin",0.402452,0.661765,0.001332
9,1969,1,0,0.001625,0.027967,0,0.027967,0.003166,NA,0.005749,2.17855628222633,"larkin",0.002713,0.402452,0.661765
9,1970,2,0,0.173639,5.373956,0.002667,5.376623,0.787577,NA,1.406785,1.92085461720783,"larkin",0.003166,0.002713,0.402452
9,1971,3,0,0.021467,0.680311,0.000128,0.680439,0.159119,NA,0.28889,1.45308582814215,"larkin",0.787577,0.003166,0.002713
9,1972,4,0,0.004098,0.038342,0.002065,0.040407,0.002155,NA,0.004184,2.93121231372908,"larkin",0.159119,0.787577,0.003166
9,1973,1,0,0.003817,0.064051,0,0.064051,0.002467,NA,0.00378,3.25667680347614,"larkin",0.002155,0.159119,0.787577
9,1974,2,0,0.14521,6.888446,0.00975,6.898196,0.619143,90.475861,1.088787,2.41067894335147,"larkin",0.002467,0.002155,0.159119
9,1975,3,0,0.003181,1.022005,0.001078,1.023083,0.08554,21.208499,0.163005,2.48159179378153,"larkin",0.619143,0.002467,0.002155
9,1976,4,0,0.000578,0.013049,0,0.013049,0.003072,12.460947,0.00478,1.44638268719468,"larkin",0.08554,0.619143,0.002467
9,1977,1,0,0.00062,0.093025,0,0.093025,0.006027,3.901516,0.01236,2.73661889973178,"larkin",0.003072,0.08554,0.619143
9,1978,2,0,0.119355,9.358872,0.115757,9.474629,1.014791,172.618632,1.887349,2.23393491456801,"larkin",0.006027,0.003072,0.08554
9,1979,3,0,0.007343,1.475536,0.015681,1.491217,0.162067,51.295653,0.293155,2.21933801410238,"larkin",1.014791,0.006027,0.003072
9,1980,4,0,0.001513,0.02135,0.000444,0.021794,0.001817,NA,0.0025,2.48444791314066,"larkin",0.162067,1.014791,0.006027
9,1981,1,0,4e-06,0.009466,0,0.009466,0.00595,NA,0.010204,0.464315211926518,"larkin",0.001817,0.162067,1.014791
9,1982,2,0,0.079877,9.206624,0.105481,9.312105,1.568612,137.424814,3.010136,1.78112401479766,"larkin",0.00595,0.001817,0.162067
9,1983,3,0,0.017088,1.94757,0.016259,1.963829,0.100257,34.362244,0.21068,2.97491452872866,"larkin",1.568612,0.00595,0.001817
9,1984,4,0,0.000103,0.032672,0.000399,0.033071,0.002403,NA,0.004335,2.62193880866939,"larkin",0.100257,1.568612,0.00595
9,1985,1,0,6.1e-05,0.004319,0,0.004319,0.000833,NA,0.001484,1.64574553079386,"larkin",0.002403,0.100257,1.568612
9,1986,2,0,0.067599,10.620066,0.1944,10.814466,1.068368,141.256617,2.317568,2.31475243184311,"larkin",0.000833,0.002403,0.100257
9,1987,3,0,0.008518,3.84021,0.055204,3.895414,0.319714,153.543643,0.607337,2.50012839661088,"larkin",1.068368,0.000833,0.002403
9,1988,4,0,1e-06,0.006611,0.001608,0.008219,0.003556,15.103054,0.005007,0.837812229514705,"larkin",0.319714,1.068368,0.000833
9,1989,1,0,0.000277,0.012858,0,0.012858,0.000385,14.765826,0.00057,3.50847813041385,"larkin",0.003556,0.319714,1.068368
9,1990,2,0,0.019675,7.602634,0.125559,7.728193,1.74553,99.46963604,3.675003,1.48781683625077,"larkin",0.000385,0.003556,0.319714
9,1991,3,0,0.00077,0.845854,0.019352,0.865206,0.615987,56.186507,1.24299,0.339741769452893,"larkin",1.74553,0.000385,0.003556
9,1992,4,0,0,0.011466,0.008443,0.019909,0.00664,10.687339,0.012716,1.09805992730932,"larkin",0.615987,1.74553,0.000385
9,1993,1,0,2.3e-05,0.015343,0,0.015343,0.000753,NA,0.001313,3.01434939514531,"larkin",0.00664,0.615987,1.74553
9,1994,2,0,0.000634,2.589723,0.017569,2.607292,0.664678,75.71313646,1.362408,1.36676470093684,"larkin",0.000753,0.00664,0.615987
9,1995,3,0,0.000475,0.750905,0.020211,0.771116,0.210742,16.49657183,0.411572,1.29720417970854,"larkin",0.664678,0.000753,0.00664
9,1996,4,0,0,0.03174,0.029362,0.061102,0.005493,NA,0.011392,2.40907004450557,"larkin",0.210742,0.664678,0.000753
9,1997,1,0,0,0.033707,0.000722,0.034429,0.000597,NA,0.000985,4.05473739808018,"larkin",0.005493,0.210742,0.664678
9,1998,2,0,0.020892,7.141837,0.020407,7.162244,0.680552,40.253416,1.322371,2.35367438510068,"larkin",0.000597,0.005493,0.210742
9,1999,3,0,0.000111,0.67751,0.021292,0.698802,0.138275,NA,0.256987,1.62012298442429,"larkin",0.680552,0.000597,0.005493
9,2000,4,0,0,0.001388,0,0.001388,0.000164,NA,0.00046,2.13575271324255,"larkin",0.138275,0.680552,0.000597
9,2001,1,0,8.8e-05,0.006455,0.001243,0.007698,0.002138,NA,0.003921,1.2810897422587,"larkin",0.000164,0.138275,0.680552
9,2002,2,0,0.042234,7.387191,0.053848,7.441039,2.844548,132.234134,5.340236,0.9616063098958,"larkin",0.002138,0.000164,0.138275
9,2003,3,0,1.2e-05,0.120226,0.012198,0.132424,0.189695,18.45659393,0.364114,-0.35940862322931,"larkin",2.844548,0.002138,0.000164
9,2004,4,0,0,0,0.001934881,0.001934881,0.002234,NA,0.002994,-0.143747874764397,"larkin",0.189695,2.844548,0.002138
9,2005,1,0,0,0.032714111,0,0.032714111,0.011794,NA,0.020855,1.020215586295,"larkin",0.002234,0.189695,2.844548
9,2006,2,0,0.045470145,17.33414011,0.159426724,17.49356683,1.170692,104.566067,2.222933,2.70423817666843,"larkin",0.011794,0.002234,0.189695
9,2007,3,0,5.8e-05,0.208354006,0.002004834,0.210358839,0.032296,NA,0.056881,1.87387144604518,"larkin",1.170692,0.011794,0.002234
9,2008,4,0,0,0,0.009167992,0.009167992,8.3e-05,NA,0.000164,4.70463295855719,"larkin",0.032296,1.170692,0.011794
9,2009,1,0,0,0.378537736,0,0.378537736,0.020208,NA,0.031916,2.93023720111087,"larkin",8.3e-05,0.032296,1.170692
9,2010,2,0,0.041205689,8.549218512,0.010668372,8.559886885,3.073257,186.846785,5.52863,1.02434906441543,"larkin",0.020208,8.3e-05,0.032296
9,2011,3,0,8.9e-05,0.01920554,0,0.01920554,0.046028,11.176047,0.090842,-0.87405112788095,"larkin",3.073257,0.020208,8.3e-05
10,1951,3,0,0.031161,0.107397,0.066404,0.173801,0.013589,NA,0.020017,2.54865032461631,"ricker",0.04137,0.043328,0.054755
10,1952,4,0,0.014902,0.180787,0.033154,0.213941,0.024744,NA,0.040587,2.15711724069201,"ricker",0.013589,0.04137,0.043328
10,1953,1,0,0.008205,0.102206,0.016671,0.118877,0.016287,NA,0.029553,1.98772210152798,"ricker",0.024744,0.013589,0.04137
10,1954,2,0,0.012671,0.128222,0.017949,0.146171,0.008635,NA,0.01618,2.82895345762827,"ricker",0.016287,0.024744,0.013589
10,1955,3,0,0.0351,0.22116,0.007193,0.228353,0.008185,NA,0.013836,3.32858946644878,"ricker",0.008635,0.016287,0.024744
10,1956,4,0,0.0205,0.209127,0.042071,0.251198,0.027156,NA,0.043689,2.22464345633951,"ricker",0.008185,0.008635,0.016287
10,1957,1,0,0.003587,0.037495,0.00534,0.042835,0.007068,NA,0.013708,1.80177797095856,"ricker",0.027156,0.008185,0.008635
10,1958,2,0,0.021115,0.074626,0.011443,0.086069,0.00551,NA,0.013619,2.74858467697897,"ricker",0.007068,0.027156,0.008185
10,1959,3,0,0.026205,0.188393,0.036763,0.225156,0.011388,NA,0.023488,2.98423332587745,"ricker",0.00551,0.007068,0.027156
10,1960,4,0,0.028566,0.119526,0.010607,0.130133,0.019198,NA,0.032952,1.91375089745079,"ricker",0.011388,0.00551,0.007068
10,1961,1,0,0.021891,0.067104,0.017364,0.084468,0.01055,NA,0.020431,2.08024690449192,"ricker",0.019198,0.011388,0.00551
10,1962,2,0,0.021342,0.066117,0.008304,0.074421,0.014311,NA,0.023516,1.64870968774751,"ricker",0.01055,0.019198,0.011388
10,1963,3,0,0.095525,0.281641,0.048565,0.330206,0.020769,NA,0.03227,2.76625521176251,"ricker",0.014311,0.01055,0.019198
10,1964,4,0,0.039236,0.225898,0.085137,0.311035,0.027978,NA,0.047783,2.40848695898575,"ricker",0.020769,0.014311,0.01055
10,1965,1,0,0.030602,0.109033,0.01477,0.123803,0.009769,NA,0.014897,2.53947748591936,"ricker",0.027978,0.020769,0.014311
10,1966,2,0,0.056603,0.155016,0.061319,0.216335,0.013462,NA,0.018616,2.77695723057803,"ricker",0.009769,0.027978,0.020769
10,1967,3,0,0.054257,0.365358,0.045896,0.411254,0.01758,NA,0.030749,3.15244913621902,"ricker",0.013462,0.009769,0.027978
10,1968,4,0,0.021213,0.218223,0.035366,0.253589,0.031042,NA,0.043924,2.10037371999902,"ricker",0.01758,0.013462,0.009769
10,1969,1,0,0.073972,0.451184,0.239195,0.690379,0.014324,NA,0.023528,3.87530427002094,"ricker",0.031042,0.01758,0.013462
10,1970,2,0,0.119108,0.531214,0.030799,0.562013,0.019252,NA,0.028362,3.37391002985789,"ricker",0.014324,0.031042,0.01758
10,1971,3,0,0.062316,0.245897,0.046347,0.292244,0.016143,NA,0.023669,2.8961025505982,"ricker",0.019252,0.014324,0.031042
10,1972,4,0,0.042841,0.424942,0.046655,0.471597,0.026202,NA,0.04841,2.89028906358835,"ricker",0.016143,0.019252,0.014324
10,1973,1,0,0.044117,0.140353,0.024973,0.165326,0.028374,NA,0.052342,1.76244604934461,"ricker",0.026202,0.016143,0.019252
10,1974,2,0,0.054695,0.424633,0.207538,0.632171,0.085495,NA,0.115688,2.0007020324692,"ricker",0.028374,0.026202,0.016143
10,1975,3,0,0.009335,0.080976,0.018616,0.099592,0.019653,NA,0.033027,1.62285184166164,"ricker",0.085495,0.028374,0.026202
10,1976,4,0,0.029279,0.479356,0.084392,0.563748,0.050023,NA,0.075318,2.42212444347817,"ricker",0.019653,0.085495,0.028374
10,1977,1,0,0.01558,0.28702,0.098126,0.385146,0.012799,NA,0.021515,3.40425544030732,"ricker",0.050023,0.019653,0.085495
10,1978,2,0,0.042233,0.493542,0.117215,0.610757,0.048158,NA,0.094308,2.54021189949118,"ricker",0.012799,0.050023,0.019653
10,1979,3,0,0.013881,0.273583,0.121177,0.39476,0.035168,NA,0.054609,2.4181414070826,"ricker",0.048158,0.012799,0.050023
10,1980,4,0,0.010131,0.115564,0.036212,0.151776,0.032786,NA,0.059109,1.53240415469091,"ricker",0.035168,0.048158,0.012799
10,1981,1,0,0.00455,0.105179,0.15643,0.261609,0.027175,NA,0.046831,2.2645535896537,"ricker",0.032786,0.035168,0.048158
10,1982,2,0,0.048333,1.471487,0.281339,1.752826,0.072353,NA,0.118049,3.1874277042626,"ricker",0.027175,0.032786,0.035168
10,1983,3,0,0.015268,0.625519,0.149561,0.77508,0.021069,NA,0.038858,3.60516348398739,"ricker",0.072353,0.027175,0.032786
10,1984,4,0,0.005918,0.347631,0.086729,0.43436,0.023226,NA,0.038384,2.92860134252513,"ricker",0.021069,0.072353,0.027175
10,1985,1,0,0.012226,0.123208,0.093098,0.216306,0.005757,NA,0.01131,3.62627756613165,"ricker",0.023226,0.021069,0.072353
10,1986,2,0,0.024019,0.869228,0.315301,1.184529,0.197841,NA,0.331644,1.78963682841336,"ricker",0.005757,0.023226,0.021069
10,1987,3,0,0.005671,0.6983,0.279598,0.977898,0.089492,NA,0.157636,2.39125613430641,"ricker",0.197841,0.005757,0.023226
10,1988,4,0,0.029507,0.200724,0.664723,0.865447,0.075537,NA,0.141072,2.43862353402473,"ricker",0.089492,0.197841,0.005757
10,1989,1,0,0.036435,0.935181,0.173958,1.109139,0.01569,NA,0.028932,4.25831575089373,"ricker",0.075537,0.089492,0.197841
10,1990,2,0,0.010179,0.200407,0.024968,0.225375,0.097108,NA,0.166148,0.841941920330621,"ricker",0.01569,0.075537,0.089492
10,1991,3,0,0.000244,0.05527,0.061746,0.117016,0.152077,NA,0.288623,-0.262076293941059,"ricker",0.097108,0.01569,0.075537
10,1992,4,0,0.003522,0.047661,0.046563,0.094224,0.093445,NA,0.183942,0.00830189827994902,"ricker",0.152077,0.097108,0.01569
10,1993,1,0,0.008716,0.180208,0.380162,0.56037,0.151089,NA,0.244257,1.31072821268119,"ricker",0.093445,0.152077,0.097108
10,1994,2,0,0.001028,0.021899,0.040686,0.062585,0.022315,NA,0.039155,1.03126653469875,"ricker",0.151089,0.093445,0.152077
10,1995,3,0,0.000486,0.141021,0.028997,0.170018,0.018407,NA,0.036635,2.22317328674748,"ricker",0.022315,0.151089,0.093445
10,1996,4,0,0.000723,0.034094,0.041519,0.075613,0.027824,NA,0.051506,0.999729268462492,"ricker",0.018407,0.022315,0.151089
10,1997,1,0,0,0.018165,0.0102,0.028365,0.023274,NA,0.047569,0.197819133092645,"ricker",0.027824,0.018407,0.022315
10,1998,2,0,0.000277,0.213323,0.403021,0.616344,0.172997,NA,0.282019,1.27053099591454,"ricker",0.023274,0.027824,0.018407
10,1999,3,0,0,0.047311,0.036027,0.083338,0.02622,NA,0.047445,1.15638214929064,"ricker",0.172997,0.023274,0.027824
10,2000,4,0,0.000652,0.06371,0.037603,0.101313,0.008333,NA,0.012922,2.49799119930882,"ricker",0.02622,0.172997,0.023274
10,2001,1,0,5.6e-05,0.110415,0.081203,0.191618,0.028361,NA,0.043409,1.91048884487122,"ricker",0.008333,0.02622,0.172997
10,2002,2,0,0.000898,0.502582,0.129934,0.632516,0.107481,NA,0.214962,1.77239142896384,"ricker",0.028361,0.008333,0.02622
10,2003,3,0,8e-05,0.006064,0.00701,0.013074,0.152657,NA,0.306759,-2.45756804947353,"ricker",0.107481,0.028361,0.008333
10,2004,4,0,4.7e-05,0.046487,0.029866108,0.076353108,0.017516,NA,0.037323,1.47225398916613,"ricker",0.152657,0.107481,0.028361
10,2005,1,0,0.000361,0.033022688,0.051280156,0.084302844,0.027117,NA,0.053371,1.13425476360916,"ricker",0.017516,0.152657,0.107481
10,2006,2,0,0.000179,0.257768251,0.178227046,0.435995298,0.137365,NA,0.263476,1.15498984226159,"ricker",0.027117,0.017516,0.152657
10,2007,3,0,0.00018,0.188793867,0.054063086,0.242856953,0.05429,NA,0.089161,1.49813255130662,"ricker",0.137365,0.027117,0.017516
10,2008,4,0,0.001015278,0.046215218,0.022852304,0.069067522,0.006788,NA,0.012935,2.31992825843844,"ricker",0.05429,0.137365,0.027117
10,2009,1,0,0.000207188,0.066739115,0.065973984,0.132713099,0.034475,NA,0.053908,1.3479552241662,"ricker",0.006788,0.05429,0.137365
10,2010,2,0,1.75e-05,0.026130872,0.00563714,0.031768012,0.067762,NA,0.126009,-0.757541694279335,"ricker",0.034475,0.006788,0.05429
10,2011,3,0,0.000211,0.055490597,0.031284,0.086774597,0.09242,NA,0.169371,-0.0630294878998113,"ricker",0.067762,0.034475,0.006788
18,1951,3,0,0,0.041761,0.078541,0.120302,0.017922,NA,0.036081363,1.90397623948432,"ricker",0.013313,0.004449,0.02034
18,1952,4,0,0,0.039952,0.03189,0.071842,0.021904,NA,0.04645405,1.18779999470399,"ricker",0.017922,0.013313,0.004449
18,1953,1,0,0,0.012688,0.012372,0.02506,0.009303,NA,0.017029776,0.990936020681501,"ricker",0.021904,0.017922,0.013313
18,1954,2,0,4.2e-05,0.037926,0.013126,0.051052,0.008332,NA,0.016885554,1.81274119772172,"ricker",0.009303,0.021904,0.017922
18,1955,3,0,5e-06,0.078394,0.085616,0.16401,0.011221,NA,0.0170525,2.68214037889229,"ricker",0.008332,0.009303,0.021904
18,1956,4,0,1.5e-05,0.028169,0.038686,0.066855,0.011107,NA,0.030999595,1.79495055488165,"ricker",0.011221,0.008332,0.009303
18,1957,1,0,0,0.003474,0.024544,0.028018,0.00513,NA,0.011138505,1.69774150159124,"ricker",0.011107,0.011221,0.008332
18,1958,2,0,1.2e-05,0.012978,0.003157,0.016135,0.006658,NA,0.010288609,0.885171686351092,"ricker",0.00513,0.011107,0.011221
18,1959,3,0,1e-05,0.0218,0.039932,0.061732,0.006096,NA,0.015524924,2.31516961665424,"ricker",0.006658,0.00513,0.011107
18,1960,4,0,0,0.005842,0.027406,0.033248,0.012532,NA,0.025488935,0.975709241826872,"ricker",0.006096,0.006658,0.00513
18,1961,1,0,7.4e-05,0.026282,0.074479,0.100761,0.006542,NA,0.012931788,2.73450844689221,"ricker",0.012532,0.006096,0.006658
18,1962,2,0,4.6e-05,0.024085,0.032679,0.056764,0.008479,NA,0.016595272,1.90130980365043,"ricker",0.006542,0.012532,0.006096
18,1963,3,0,6.8e-05,0.088616,0.054052,0.142668,0.005798,NA,0.01377372,3.20300722216494,"ricker",0.008479,0.006542,0.012532
18,1964,4,0,6.8e-05,0.048016,0.142584,0.1906,0.00632,NA,0.015255708,3.40645778306134,"ricker",0.005798,0.008479,0.006542
18,1965,1,0,0,0.014943,0.024041,0.038984,0.003387,NA,0.007973816,2.44320673170557,"ricker",0.00632,0.005798,0.008479
18,1966,2,0,6.5e-05,0.024568,0.051336,0.075904,0.010735,NA,0.02234458,1.95595995260446,"ricker",0.003387,0.00632,0.005798
18,1967,3,0,2.9e-05,0.024122,0.042747,0.066869,0.005241,NA,0.012105154,2.54622316174493,"ricker",0.010735,0.003387,0.00632
18,1968,4,0,4.5e-05,0.038212,0.067282,0.105494,0.008194,NA,0.018392855,2.55525190013625,"ricker",0.005241,0.010735,0.003387
18,1969,1,0,0,0.009262,0.051821,0.061083,0.011739,NA,0.026493482,1.64931696316146,"ricker",0.008194,0.005241,0.010735
18,1970,2,0,8.1e-05,0.021806,0.032749,0.054555,0.003123,NA,0.007198327,2.86041528880612,"ricker",0.011739,0.008194,0.005241
18,1971,3,0,0.000462,0.091337,0.123848,0.215185,0.006696,NA,0.015746564,3.46998779006889,"ricker",0.003123,0.011739,0.008194
18,1972,4,0,3.1e-05,0.0783,0.044584,0.122884,0.006575,NA,0.01471294,2.92796624288906,"ricker",0.006696,0.003123,0.011739
18,1973,1,0,1.1e-05,0.011903,0.017262,0.029165,0.004713,NA,0.012363415,1.82264471226401,"ricker",0.006575,0.006696,0.003123
18,1974,2,0,0.000178,0.053388,0.078361,0.131749,0.008859,NA,0.021871979,2.69946470582994,"ricker",0.004713,0.006575,0.006696
18,1975,3,0,8.1e-05,0.06418,0.020578,0.084758,0.021376,NA,0.041955304,1.37753133973161,"ricker",0.008859,0.004713,0.006575
18,1976,4,0,4.1e-05,0.013812,0.091485,0.105297,0.019475,NA,0.037989808,1.68765333694878,"ricker",0.021376,0.008859,0.004713
18,1977,1,0,5.7e-05,0.015331,0.018676,0.034007,0.007798,NA,0.015999355,1.47269909521783,"ricker",0.019475,0.021376,0.008859
18,1978,2,0,0,0.010736,0.024013,0.034749,0.014116,NA,0.029311027,0.900841888805295,"ricker",0.007798,0.019475,0.021376
18,1979,3,0,2.2e-05,0.00377,0.034444,0.038214,0.020384,NA,0.038066117,0.628451661227531,"ricker",0.014116,0.007798,0.019475
18,1980,4,0,8e-06,0.010736,0.006169,0.016905,0.009191,NA,0.019987935,0.609384691783877,"ricker",0.020384,0.014116,0.007798
18,1981,1,0,0,0.002416,0.031641,0.034057,0.013301,NA,0.026741006,0.940196371125052,"ricker",0.009191,0.020384,0.014116
18,1982,2,0,3.7e-05,0.004318,0.01391,0.018228,0.00509,NA,0.010056814,1.2756810428392,"ricker",0.013301,0.009191,0.020384
18,1983,3,0,2.2e-05,0.01173,0.050301,0.062031,0.010093,NA,0.019771924,1.81579214583002,"ricker",0.00509,0.013301,0.009191
18,1984,4,0,0.000107,0.018612,0.056977,0.075589,0.008759,NA,0.01841745,2.1552290267725,"ricker",0.010093,0.00509,0.013301
18,1985,1,0,2.6e-05,0.00618,0.017002,0.023182,0.002113,NA,0.004335756,2.39526737683263,"ricker",0.008759,0.010093,0.00509
18,1986,2,0,0,0.006413,0.033585,0.039998,0.012305,NA,0.03044751,1.17882376902088,"ricker",0.002113,0.008759,0.010093
18,1987,3,0,3e-06,0.007374,0.014591,0.021965,0.005533,NA,0.014960163,1.37872011351177,"ricker",0.012305,0.002113,0.008759
18,1988,4,0,0,0.002587,0.05849,0.061077,0.019026,19026,0.036340357,1.16632889844638,"ricker",0.005533,0.012305,0.002113
18,1989,1,0,7e-06,0.004944,0.011658,0.016602,0.009051,9051,0.023989454,0.60664792118781,"ricker",0.019026,0.005533,0.012305
18,1990,2,0,1.8e-05,0.001561,0.007538,0.009099,0.006037,6037,0.014122097,0.410257317560265,"ricker",0.009051,0.019026,0.005533
18,1991,3,0,1e-06,0.00171,0.032177,0.033887,0.010867,10867,0.0225,1.13730078593216,"ricker",0.006037,0.009051,0.019026
18,1992,4,0,0,0.029707,0.070846,0.100553,0.004411,4411,0.011850624,3.12658353055331,"ricker",0.010867,0.006037,0.009051
18,1993,1,0,1.1e-05,0.016103,0.086635,0.102738,0.01143,11430,0.025675223,2.19594058042817,"ricker",0.004411,0.010867,0.006037
18,1994,2,0,8.1e-05,0.004617,0.030016,0.034633,0.004087,4087,0.0106607,2.13699578016954,"ricker",0.01143,0.004411,0.010867
18,1995,3,0,0,0.008821,0.04415,0.052971,0.003185,3185,0.006651,2.81129230496464,"ricker",0.004087,0.01143,0.004411
18,1996,4,0,1.8e-05,0.021331,0.129612,0.150943,0.021678,21678,0.056449779,1.94060436071285,"ricker",0.003185,0.004087,0.01143
18,1997,1,0,1.1e-05,0.012324,0.083927,0.096251,0.017239,17239,0.040717556,1.71978510381147,"ricker",0.021678,0.003185,0.004087
18,1998,2,0,1.9e-05,0.033437,0.098506,0.131943,0.049869,49869,0.08346836,0.972970443922801,"ricker",0.017239,0.021678,0.003185
18,1999,3,0,0,0.024538,0.118076,0.142614,0.019388,19388,0.037368997,1.99548736189614,"ricker",0.049869,0.017239,0.021678
18,2000,4,0,1.5e-05,0.041913,0.06936,0.111273,0.018581,18581,0.04621822,1.78984708800067,"ricker",0.019388,0.049869,0.017239
18,2001,1,0,0,0.007379,0.047231,0.05461,0.074627,74627,0.137313306,-0.312285355859589,"ricker",0.018581,0.019388,0.049869
18,2002,2,0,1.5e-05,0.02498,0.044165,0.069145,0.039138,39138,0.089790485,0.569111886874608,"ricker",0.074627,0.018581,0.019388
18,2003,3,0,0,0.000373,0.013413,0.013786,0.03997,39970,0.076602053,-1.06447558825977,"ricker",0.039138,0.074627,0.018581
18,2004,4,0,9e-06,0.009201,0.030713253,0.039914253,0.033786,33786,0.061507201,0.166686962653218,"ricker",0.03997,0.039138,0.074627
18,2005,1,0,0,0.001726485,0.006609082,0.008335567,0.033806,33806,0.063214116,-1.4001067612442,"ricker",0.033786,0.03997,0.039138
18,2006,2,0,8e-06,0.012709774,0.054306598,0.067016371,0.021301,21301,0.03959811,1.14618291285744,"ricker",0.033806,0.033786,0.03997
18,2007,3,0,0,0.011425159,0.069776353,0.081201511,0.019935,19935,0.042521507,1.40445687453556,"ricker",0.021301,0.033806,0.033786
18,2008,4,0,9e-06,0.014412244,0.06553857,0.079950814,0.006348,6348,0.013444786,2.53327181792732,"ricker",0.019935,0.021301,0.033806
18,2009,1,0,0,0.009166234,0.039967184,0.049133418,0.018838,18838,0.031920542,0.958663307887187,"ricker",0.006348,0.019935,0.021301
18,2010,2,0,3.8e-05,0.015542794,0.028122456,0.04366525,0.008783,8783,0.016791152,1.60373455632369,"ricker",0.018838,0.006348,0.019935
18,2011,3,0,1.1e-05,0.026530619,0.050181,0.076711619,0.030439,30439,0.056636435,0.924328502267925,"ricker",0.008783,0.018838,0.006348
19,1951,3,0.000903,0.103041,0.018078,0,0.121119,0.013181,NA,0.017035,2.21799713464996,"ricker",0.018216,0.004372,0.014577
19,1952,4,0,0.018421,0.004633,0,0.023054,0.017215,NA,0.025751,0.292058193388334,"ricker",0.013181,0.018216,0.004372
19,1953,1,0,0.002232,0.007552,0,0.009784,0.007641,NA,0.020441,0.247219913719442,"ricker",0.017215,0.013181,0.018216
19,1954,2,0,0.006146,0.008651,0,0.014797,0.016869,NA,0.027784,-0.131053160457777,"ricker",0.007641,0.017215,0.013181
19,1955,3,8.7e-05,0.060115,0.080836,0,0.140951,0.003405,NA,0.005584,3.72316737264792,"ricker",0.016869,0.007641,0.017215
19,1956,4,0,0.087258,0.0096,0,0.096858,0.001266,NA,0.002586,4.33738366468146,"ricker",0.003405,0.016869,0.007641
19,1957,1,4.3e-05,0.025371,0.034739,0,0.06011,0.00182,NA,0.003785,3.49733971596237,"ricker",0.001266,0.003405,0.016869
19,1958,2,0.000107,0.055305,0.00448,0,0.059785,0.006404,NA,0.014587,2.23383199823708,"ricker",0.00182,0.001266,0.003405
19,1959,3,1.4e-05,0.010452,0.031079,0,0.041531,0.017657,NA,0.027738,0.855307831011158,"ricker",0.006404,0.00182,0.001266
19,1960,4,0,0.026094,0.003357,0,0.029451,0.007076,NA,0.017039,1.42601908908096,"ricker",0.017657,0.006404,0.00182
19,1961,1,4.1e-05,0.001634,0.01155,0,0.013184,0.021725,NA,0.042346,-0.49945969798434,"ricker",0.007076,0.017657,0.006404
19,1962,2,0,0.031134,0.019678,0,0.050812,0.004155,NA,0.008065,2.5038201188538,"ricker",0.021725,0.007076,0.017657
19,1963,3,0,0.050277,0.037548,0,0.087825,0.009803,NA,0.022258,2.1926577368723,"ricker",0.004155,0.021725,0.007076
19,1964,4,4.7e-05,0.043883,0.007247,0,0.05113,0.001101,NA,0.0022,3.83815255135137,"ricker",0.009803,0.004155,0.021725
19,1965,1,6.5e-05,0.008237,0.012043,0,0.02028,0.007779,NA,0.015003,0.958207383498345,"ricker",0.001101,0.009803,0.004155
19,1966,2,1.9e-05,0.042848,0.012577,0,0.055425,0.009295,NA,0.032499,1.78555413432897,"ricker",0.007779,0.001101,0.009803
19,1967,3,0.000145,0.021814,0.028976,0,0.05079,0.012672,NA,0.020406,1.38830464974108,"ricker",0.009295,0.007779,0.001101
19,1968,4,0.000126,0.013492,0.004193,0,0.017685,0.002854,NA,0.005366,1.8239953036028,"ricker",0.012672,0.009295,0.007779
19,1969,1,0,0.00215,0.005152,0,0.007302,0.007559,NA,0.014685,-0.0345906230765945,"ricker",0.002854,0.012672,0.009295
19,1970,2,9.8e-05,0.01881,0.020855,0,0.039665,0.006471,NA,0.012573,1.81313853067884,"ricker",0.007559,0.002854,0.012672
19,1971,3,0,0.061283,0.023176,0,0.084459,0.00197,NA,0.00379,3.75823266676158,"ricker",0.006471,0.007559,0.002854
19,1972,4,0,0.001153,0.00081,0,0.001963,0.000794,NA,0.001346,0.905145733029325,"ricker",0.00197,0.006471,0.007559
19,1973,1,0,0.032256,0.005425,0,0.037681,0.001571,NA,0.003052,3.17744362936065,"ricker",0.000794,0.00197,0.006471
19,1974,2,0,0.006133,0.034205,0,0.040338,0.008709,NA,0.01692,1.53293697900435,"ricker",0.001571,0.000794,0.00197
19,1975,3,0,0.022979,0.105641,0,0.12862,0.003381,NA,0.00585,3.63869079698097,"ricker",0.008709,0.001571,0.000794
19,1976,4,0,0.04341,0.001184,0,0.044594,0.002933,NA,0.005058,2.72157353083287,"ricker",0.003381,0.008709,0.001571
19,1977,1,0,0.016076,0.007982,0,0.024058,0.001374,NA,0.002236,2.86274138777172,"ricker",0.002933,0.003381,0.008709
19,1978,2,0,0.007016,0.034177,0,0.041193,0.010488,NA,0.019655,1.36803659254633,"ricker",0.001374,0.002933,0.003381
19,1979,3,0,0.00047,0.010425,0,0.010895,0.020234,NA,0.045543,-0.619060389387115,"ricker",0.010488,0.001374,0.002933
19,1980,4,0,0.013416,0.000977,0,0.014393,0.002262,NA,0.005092,1.8504925995866,"ricker",0.020234,0.010488,0.001374
19,1981,1,0,0.012466,0.005403,0,0.017869,0.001788,NA,0.003193,2.3019696911452,"ricker",0.002262,0.020234,0.010488
19,1982,2,0,0.004275,0.024681,0,0.028956,0.004686,NA,0.009167,1.82119809634529,"ricker",0.001788,0.002262,0.020234
19,1983,3,0,0.007855,0.009995,0,0.01785,0.002132,NA,0.004171,2.12494300192205,"ricker",0.004686,0.001788,0.002262
19,1984,4,6.9e-05,0.003558,0.001569,0,0.005127,0.000689,NA,0.001265,2.00703470077004,"ricker",0.002132,0.004686,0.001788
19,1985,1,6.9e-05,0.003694,0.010713,0,0.014407,0.001825,NA,0.0041,2.06613421254488,"ricker",0.000689,0.002132,0.004686
19,1986,2,0,0.00568,0.003927,0,0.009607,0.004145,NA,0.007,0.840589210840343,"ricker",0.001825,0.000689,0.002132
19,1987,3,0,0.0033,0.041748,0,0.045048,0.002686,NA,0.004973,2.81967548985127,"ricker",0.004145,0.001825,0.000689
19,1988,4,0.000185,0.002005,0.001786,0,0.003791,0.000947,NA,0.001544,1.38708602233026,"ricker",0.002686,0.004145,0.001825
19,1989,1,0,0.000489,0.012934,0,0.013423,0.001997,NA,0.002867,1.90532359907182,"ricker",0.000947,0.002686,0.004145
19,1990,2,0,0.061732,0.064156,0,0.125888,0.001888,NA,0.004515,4.19987455504329,"ricker",0.001997,0.000947,0.002686
19,1991,3,0,0.004426,0.033685,0,0.038111,0.007958,NA,0.014768,1.56632524236884,"ricker",0.001888,0.001997,0.000947
19,1992,4,0,0.000517,0.003219,0,0.003736,0.000172,NA,0.000313,3.07827632253528,"ricker",0.007958,0.001888,0.001997
19,1993,1,0,0.014645,0.004451,0,0.019096,0.002271,NA,0.003249,2.12925862591311,"ricker",0.000172,0.007958,0.001888
19,1994,2,0,0.000286,0.020396,0,0.020682,0.006087,NA,0.009294,1.223108407251,"ricker",0.002271,0.000172,0.007958
19,1995,3,0,0.001537,0.048276,0,0.049813,0.006758,NA,0.01646,1.99754900584911,"ricker",0.006087,0.002271,0.000172
19,1996,4,0,0.003058,0.004502,0,0.00756,0.008255,NA,0.015303,-0.0879478871806497,"ricker",0.006758,0.006087,0.002271
19,1997,1,0,0.010357,0.071883,0,0.08224,0.001084,NA,0.001409,4.3289838986894,"ricker",0.008255,0.006758,0.006087
19,1998,2,0,0.01816,0.04605,0,0.06421,0.003012,NA,0.00445,3.05955465186831,"ricker",0.001084,0.008255,0.006758
19,1999,3,0,0.016673,0.074656,0,0.091329,0.005592,NA,0.008565,2.79313136640742,"ricker",0.003012,0.001084,0.008255
19,2000,4,0,0.00795,0.003873,0,0.011823,0.001745,NA,0.004343,1.91329223122659,"ricker",0.005592,0.003012,0.001084
19,2001,1,0,0.05396,0.333007,0,0.386967,0.008335,NA,0.015234,3.83787590187339,"ricker",0.001745,0.005592,0.003012
19,2002,2,0,0.088078,0.188564,0,0.276642,0.024384,NA,0.041177,2.4287970720171,"ricker",0.008335,0.001745,0.005592
19,2003,3,0,0.020138,0.083148,0,0.103286,0.006043,NA,0.008234,2.83860126197193,"ricker",0.024384,0.008335,0.001745
19,2004,4,0,0.107366,0.03485,0,0.142216,0.000986,NA,0.002106,4.97144595299989,"ricker",0.006043,0.024384,0.008335
19,2005,1,0,0.00577,0.010133059,0,0.015903059,0.211547,NA,0.386264,-2.58793571536213,"ricker",0.000986,0.006043,0.024384
19,2006,2,0,0.390122771,0.998291568,0,1.388414339,0.090944,NA,0.168093,2.72567367917502,"ricker",0.211547,0.000986,0.006043
19,2007,3,0,0.304932697,1.33184975,0,1.636782447,0.057444,NA,0.128166,3.34967711096788,"ricker",0.090944,0.211547,0.000986
19,2008,4,0,0.057906511,0.118829728,0,0.176736239,0.004409,NA,0.006708,3.69101053964154,"ricker",0.057444,0.090944,0.211547
19,2009,1,0,0.025206306,0.149543523,0,0.174749829,0.100603,NA,0.287754,0.55217332427811,"ricker",0.004409,0.057444,0.090944
19,2010,2,0,0.229656125,1.263346311,0,1.493002436,0.399661,NA,0.713749,1.31792774137524,"ricker",0.100603,0.004409,0.057444
19,2011,3,0,0.059103921,0.170651137,0,0.229755058,0.38708,NA,0.72917,-0.521617613785327,"ricker",0.399661,0.100603,0.004409
